Date,Mom   ,Mkt-RF,SMB,HML,RMW,CMA,RF,CPIAUCSL,XLY,XLP,XLE,XLF,XLV,XLI,XLB,XLK,XLU
1999-02-28,0.030000000000000082,-3.999999999999999,-5.54,1.8900000000000001,-1.23,4.010000000000001,0.361,0.0,-0.6276733257939426,-1.0551694757514163,-0.8633238512269159,1.5604880657268616,0.11462561911446123,0.8963664011196748,1.5424513129255413,-10.444267322810985,-2.79439616225563
1999-03-31,-1.6500000000000004,3.5500000000000007,-4.28,-2.75,-3.9399999999999995,-1.44,0.414,1.3960546710870325,4.750102428722425,-0.11860567614836448,13.223023385269528,3.1896605687817825,2.6005066018038203,2.0786225863026253,1.7829321081297866,7.168104772450734,-6.516474515175785
1999-04-30,-9.39,4.37,4.22,2.05,-2.57,0.6699999999999999,0.37799999999999995,13.970417414157765,2.5891506414072563,-3.5492557655134593,13.804833440991349,6.782268819547488,3.5091705353289093,14.00888301294021,22.08423495828571,0.5959477490405263,9.221866053861838
1999-05-31,-5.24,-2.31,3.5900000000000007,2.4000000000000004,0.9200000000000002,3.14,0.34,13.305159442055015,-4.631713294745454,-1.0464720878569977,-2.1818939745888777,-6.219970193085622,-3.1193087652501728,-1.9802328182229711,-9.542506989554411,0.3389576903500835,1.1676870011054774
1999-06-30,5.43,4.859999999999999,2.33,-3.54,0.7899999999999998,-3.23,0.39599999999999996,0.0,6.246160714508742,1.7505169605246618,2.0208389317934117,4.247111238207069,4.297630259213259,5.9542727460783595,5.617946356323822,9.168945291128727,4.035164300788496
1999-07-31,1.98,-3.5100000000000002,2.64,-0.4800000000000001,0.41000000000000003,3.1399999999999997,0.37799999999999995,8.836802940429678,-7.7422838032084496,-3.795192303637007,1.8764531084798808,-6.302256278506935,-3.027250432408257,-3.7377682085897757,-1.1483355150590846,-1.16466606026413,0.30545990644936794
1999-08-31,4.06,-1.14,-1.9100000000000001,-1.9000000000000004,-0.4600000000000001,0.3099999999999998,0.39599999999999996,9.257603080450139,-3.9311259108706142,1.6976136352666593,1.0875743677176697,-4.500269321681127,-4.604907890110299,0.8128440613766941,-4.602794459952619,3.453979922134476,-4.896791799623923
1999-09-30,5.05,-2.6900000000000004,2.67,-3.73,-0.6500000000000001,-1.19,0.37799999999999995,8.778752706691595,-1.4620818768339205,-9.454227794832004,-4.708231138365004,-5.362359834248265,-1.3889583899831859,-0.5170961295399401,-3.1864680976579685,-0.4158553864348047,2.5114635190448986
1999-10-31,5.24,6.15,-6.98,-3.2800000000000002,-1.71,-1.2800000000000002,0.37799999999999995,3.7511174010738557,8.496209887389217,8.74107323315032,-1.4917220721873292,14.441847951411857,4.9455798738883505,-2.1978793441261413,2.345411586477386,2.985282369623965,0.5232971440480849
1999-11-30,4.27,3.45,5.53,-5.72,-4.0,-1.7199999999999998,0.35700000000000004,3.7444289266776565,0.055026241118261154,0.31425767728126,-0.17352956845915202,-4.500761593507452,1.1579881115625579,-2.2472954943612233,-1.4266773627130025,9.363829181870464,-3.3434195662763955
1999-12-31,12.08,7.48,4.93,-7.53,-6.930000000000001,-5.03,0.44,5.2194567779880074,9.064369004216255,-7.534975409055633,0.6990421346013242,-2.4214754538540717,8.638429039364315,7.785949854348573,10.949135118717779,14.354369421466062,-2.210586060813613
2000-01-31,0.11999999999999994,-4.539999999999999,4.46,-2.1799999999999997,-6.460000000000001,4.48,0.42000000000000004,4.744960707261825,-13.266926828931425,0.8781062574260368,0.8041198828234286,-3.003212240790276,-2.5615798795339373,-8.533387535916592,-13.042949702642748,-6.345624311202913,-1.792740442320584
2000-02-29,17.37,2.6399999999999997,16.65,-8.48,-16.880000000000003,-1.6399999999999997,0.43999999999999995,8.25229582234499,-5.732780279458538,-12.444600000128725,-4.325631968949795,-11.322040668641487,-6.762277539320927,-5.675271421583128,-10.588095337459658,9.990661177360805,-12.958223585685502
2000-03-31,-6.800000000000001,5.069999999999999,-15.11,7.88,11.61,-1.0400000000000005,0.46,13.48977474051587,13.23583718749668,3.6902926108507206,11.727105738484545,16.773585178150885,8.613145764164232,13.033184728284875,9.612204622801857,8.055902530683312,10.367239611038093
2000-04-30,-8.34,-6.0200000000000005,-4.9,7.34,7.34,5.18,0.456,11.143726959556588,-2.1042276773698187,5.166164222988412,-1.5038003544230794,0.9612130109803108,-1.178570721233907,1.4342762603998693,-3.3785025579917694,-9.634248842719284,6.3405616692937095
2000-05-31,-7.000000000000001,-4.12,-4.1,4.529999999999999,3.9099999999999997,1.02,0.506,3.85852188941076,-5.5492193798978295,6.889967984706047,11.102618887274662,2.2076054427649705,-2.7169848176706424,-0.42286426944007083,-3.2065158093026014,-10.978934515826921,-0.2197039620731811
2000-06-30,15.38,4.74,9.45,-7.970000000000001,-7.6,-3.1900000000000004,0.39599999999999996,12.81308222917481,-5.561997779953876,5.506850405391761,-5.658805731132732,-4.9716617017584674,0.21162550589264306,-4.012480224653858,-8.939096971410132,9.490625275061682,-3.4557204786307416
2000-07-31,-1.9799999999999995,-2.4800000000000004,-1.0599999999999998,8.21,5.95,2.5500000000000003,0.48,11.6482565719771,1.5748555028062938,-3.7217206571519057,-3.8849715506899862,8.448573643429036,-1.4909840938008845,1.5350846252105033,0.8713113053968602,-5.451557443583699,1.5362561478404313
2000-08-31,4.85,6.89,-0.8500000000000001,-1.34,-2.81,0.4100000000000002,0.506,0.0,-4.235063354290469,-1.228568848279732,10.364606719252611,9.673841612758904,3.479573460709462,9.441952542645637,2.261320758260288,9.685890357893445,3.82210914035106
2000-09-30,2.7199999999999998,-5.49,0.050000000000000044,7.319999999999999,2.75,6.56,0.5,10.3956341472351,0.12244267054977165,4.334341622395899,1.6307746198918949,2.1506804198507368,-3.6943908030913075,-2.947264390821358,-10.317700844108346,-19.803266552600583,12.41125147857769
2000-10-31,-4.75,-2.48,-3.0100000000000002,5.529999999999999,9.17,4.319999999999999,0.55,11.43519756195861,-1.2634283708701677,6.711405522452685,-2.755813127811413,-0.8658434679604365,1.494175930290087,2.224580585738023,8.406920899478632,-5.898390680302645,5.645916795784567
2000-11-30,4.1,-11.12,-0.56,12.92,14.6,9.09,0.504,3.6196504221466697,-2.5106309932605875,3.392112517494761,-5.3876703711885465,-5.243790909068258,-9.552204249965879,-3.4591111333317492,-2.562210688289701,-22.959754076426453,-0.04575162904503216
2000-12-31,8.61,1.5500000000000003,3.09,6.95,1.7400000000000009,5.24,0.5,4.587157974198064,6.809802564229583,3.572965832011432,9.721297754889857,8.188197917015838,1.6365717743199948,3.874571419422157,13.180832992784719,-10.416228289114482,-1.3740219281328514
2001-01-31,-23.98,3.619999999999999,5.13,-5.180000000000001,-5.62,-6.9399999999999995,0.5459999999999999,4.816515872907967,11.000916416484241,-7.570487044170715,-3.238308350511776,-0.2375416908001693,6.980046282027308,0.38325753876389257,-2.7058660219565933,17.49761862643804,-5.791602766495307
2001-02-28,15.9,-10.459999999999999,2.9300000000000006,13.0,9.72,10.16,0.38,4.32309629055645,-7.408082519806225,0.6024035160156593,-1.221280813243597,-6.964843610067817,-1.9351327819900899,-6.180075911674576,1.286605656447426,-28.643160629040267,2.0540722195945715
2001-03-31,7.33,-7.169999999999999,2.35,6.47,3.4400000000000004,3.68,0.418,1.2496450208189458,-1.4689949901269372,-7.1879328533054565,-3.0286402069775065,-3.040973172179351,-6.617251172899374,-10.067146802522009,-5.137711912898757,-12.171792001239012,-1.4438750029170055
2001-04-30,-8.34,8.06,-0.8199999999999994,-4.840000000000001,-3.6500000000000004,-4.0200000000000005,0.4,1.1360409280172235,4.533469463323048,1.9231576946577622,9.82670778043273,3.553282397974167,7.122739058839045,10.825192045837495,10.13457911607727,14.987867836034763,4.712980418415702
2001-05-31,1.0099999999999993,0.8099999999999998,3.34,3.16,0.2899999999999999,2.02,0.32999999999999996,11.19595291643769,2.3530574593907616,1.4575660141993296,-0.9493180233064891,4.305943050091576,3.7483023871630827,4.099778102426921,3.7740816571821156,-4.1820152562419555,0.6987109514678291
2001-06-30,0.41000000000000014,-1.8900000000000001,6.62,-1.27,1.4099999999999997,-1.8000000000000003,0.27299999999999996,4.732396368931102,-0.790583699819658,-4.735633118254823,-9.555432019203591,-0.7182405736987363,-1.136047623794978,-6.377921267038422,-3.5122446380781103,1.9355543986593116,-5.147725359267286
2001-07-31,5.890000000000001,-1.9499999999999997,-2.9799999999999995,5.390000000000001,7.61,2.99,0.294,4.732396368931102,4.349231497123007,2.998551774767,-1.1599253439824153,-0.9552840386884309,-2.0168078213142593,-0.20782192460790938,-0.272355053198714,-7.173536961657367,-0.9028967864427084
2001-08-31,5.930000000000001,-6.52,2.82,2.3400000000000003,4.2,6.63,0.299,0.0,-9.161405608828854,0.47788908940549213,-4.325490168455737,-6.840842343440112,-5.209317563016436,-3.493068068545657,-0.40992485510154,-13.015874360519897,-3.628391552750987
2001-09-30,11.78,-9.32,-6.36,1.77,5.64,3.48,0.26999999999999996,0.0,-13.503699521180756,-0.12062131821823918,-10.11844732349223,-5.799502167584603,-15.641091216017555,-15.84319875786142,-12.60677013581013,-17.885268733224624,-0.9604087389559535
2001-10-31,-7.7299999999999995,2.5999999999999996,5.07,-7.46,-3.1100000000000003,-4.38,0.23,-6.466127396357546,5.133734822542424,-0.6405091272216445,3.9489426177640397,-1.4283171349950052,0.5093781855102453,1.7588367142454153,2.6723222881635422,10.354076546397994,-5.40672538056941
2001-11-30,-8.01,7.37,-0.35,2.0,-3.55,-1.5400000000000003,0.168,-1.1827654494579676,12.501716163149768,4.322921217669062,-5.746558505658905,6.2919089176884935,10.975389930693913,9.53486515573485,11.935915804891817,13.92528983266157,-1.2706883281625725
2001-12-31,-0.9800000000000002,1.69,4.97,0.7599999999999999,0.21999999999999995,-0.36,0.14,-1.1264432851980644,4.443313237654856,-1.9824280330861477,5.560287762967597,1.9290918016903191,2.390609855725234,4.428722361615245,-3.0406961703477897,-2.2250830951461076,3.1544343632797123
2002-01-31,5.1,-1.36,1.26,3.43,4.66,2.71,0.147,-1.1827654494579676,3.233807328172489,-0.671564786012846,-3.6229339826211238,-1.1472928596984122,-0.7449004193900599,-6.526104239865216,2.3074855362587243,-1.0892611105718153,-3.6697936805185627
2002-02-28,5.37,-2.19,-0.4400000000000001,2.29,8.27,5.13,0.133,3.2049487498102103,0.5401477718109504,2.0789181071568574,3.360393259813055,-1.7459086414834069,4.495533636313809,2.474022537084908,5.156683672728146,-13.944586242202561,-0.18518151267943317
2002-03-31,-0.7600000000000002,4.2700000000000005,3.9400000000000004,0.99,-1.79,0.5199999999999998,0.14,5.610101855216598,1.2642274134564868,1.599781841387804,8.482353999924497,6.406356853248463,5.6393159048894415,2.6693886060369376,3.0287727390125863,4.821365671949351,5.194809294962566
2002-04-30,8.21,-5.24,6.86,3.88,4.54,5.34,0.154,9.837914661066272,-2.8361543675401,-3.7872597856354773,-3.6663093018079795,-2.5742817645961313,-0.6101556922211593,-7.151303061524628,-4.838962117214374,-12.886186696707735,-6.260030701053276
2002-05-31,3.6700000000000004,-1.1999999999999997,-3.16,1.4099999999999997,2.2199999999999998,2.37,0.154,2.452620097941427,-0.5149973135278874,-1.1204550722750728,-1.7750213755911126,-0.3028031645142981,1.3844595863420128,0.4328262130210536,4.838962117214374,-4.2354259118489335,-0.834630157503069
2002-06-30,7.390000000000001,-7.3500000000000005,4.02,0.009999999999999787,4.08,2.58,0.12,2.2296546344922064,-5.410801411150112,-10.747356843645584,-3.7314249192813786,-4.371456254684158,-7.421779504761616,-6.329240807371983,-1.7178246710408462,-14.343785259686026,-6.96273602807711
2002-07-31,3.69,-7.800000000000001,-7.46,-4.2,3.9699999999999998,-1.13,0.154,4.894329048644153,-12.715522007981894,-4.363497102285674,-14.91380788141261,-8.679424013846937,-2.932808897338246,-5.8268850897893465,-12.037426390094463,-9.96176380086986,-15.924889328577096
2002-08-31,0.5299999999999999,0.9399999999999993,-1.4500000000000002,3.01,1.2000000000000002,-1.33,0.132,6.102639141996313,2.9731575685729705,0.7949850122052293,1.4952089584115313,1.848338773200009,0.9626465195051725,-1.5677515116720997,-0.5364062017528148,-0.8415518696582858,3.8885145950192435
2002-09-30,7.63,-10.57,3.34,1.5300000000000002,3.52,-2.32,0.14,5.547853765451194,-9.337799035425398,-7.502961340285363,-7.402945147669593,-12.209501564658831,-6.394433467554794,-12.261876132931882,-13.90235856013824,-18.260303501551878,-12.902230982772744
2002-10-31,-8.860000000000001,8.06,-4.26,-3.74,-3.42,0.8800000000000001,0.138,5.082874996846165,6.53102848400362,3.8170215481443392,1.8262880411059612,8.74954445967342,5.66766096994975,4.800957001569595,5.552412966044784,22.128217049344066,-2.3301267524016733
2002-11-30,-16.49,5.970000000000001,2.72,-1.1399999999999997,-8.73,4.84,0.12,3.308520192051745,4.5242035772389055,-2.8114880016540056,4.046974567209105,3.655722486071733,3.043304213817599,5.092729505977989,11.361583472153303,14.715729020065282,2.8643319171641757
2002-12-31,9.82,-5.78,0.62,2.24,6.58,-1.8499999999999999,0.105,3.473946201654332,-8.904573459774934,0.28183409491369105,0.023145546086755786,-5.571115091434775,-3.8305608215965847,-4.007261651662297,-4.688587019247636,-14.175548870032806,3.1886319815105146
2003-01-31,0.6100000000000001,-2.38,0.6299999999999999,-0.91,-1.05,0.8600000000000001,0.105,3.473946201654332,-3.388681079288647,-3.46979130201559,-2.5397643463171526,-1.280958638389862,-0.3395730068546321,-5.541716461519375,-5.118689149098987,-2.393285356800634,-2.3778737721444454
2003-02-28,1.53,-1.7800000000000002,-1.0,-1.39,0.7599999999999998,-0.6599999999999999,0.095,3.1430941824491576,-0.4486531297655638,-3.1111962547784255,2.897441478861751,-3.133292801103771,-2.254999947718428,-1.5520063891883762,-2.68834078632052,0.4832856890189863,-5.495904689825171
2003-03-31,1.0899999999999999,1.3800000000000003,0.52,-1.91,1.7599999999999998,-0.76,0.105,3.473946201654332,2.3236533411026716,0.011860421707421409,0.12201502093431849,-0.9386110221019539,3.502625470000442,1.057008830883177,0.6156107760648233,-1.5267443948816073,4.941623107907622
2003-04-30,-8.33,8.02,0.8999999999999999,1.0299999999999998,-4.34,0.9800000000000001,0.105,-8.008726677515465,11.066894381745662,2.9187533502883944,-0.854896549757056,11.842489565135894,3.2404050652225624,10.276759191719709,8.646659244956467,8.7651982158242,8.288165111742973
2003-05-31,-8.629999999999999,5.95,4.39,0.4100000000000001,-6.45,2.73,0.084,-3.441683370741355,5.180567827109828,4.799299700388282,10.092212321132621,4.96664039468051,2.0441155735738903,2.674159687813704,3.0469664779343653,8.235630212247402,9.626483239666594
2003-06-30,-0.42999999999999994,1.52,1.63,0.08999999999999997,0.3500000000000001,-0.4100000000000001,0.105,-3.441683370741355,1.4393014129298276,0.9497188518892585,-1.292476902908124,0.42264849213684563,4.321774163981118,2.0670726555264807,0.8982712312604502,0.7054372958072097,1.3478732134871496
2003-07-31,0.5799999999999998,2.41,4.28,-1.35,-3.96,1.6400000000000001,0.066,7.197389189354375,1.8288672789804838,-0.1489032809872004,-3.5982855894110877,4.266184112513782,-1.5115495438077442,3.251695793980236,7.569153317083588,3.0576574681580038,-6.925142950787544
2003-08-31,0.4599999999999998,2.38,2.4400000000000004,1.4699999999999998,-2.25,2.19,0.063,9.125489644953078,4.984247159443855,1.6749110926629118,6.184082562573723,-1.177897634902969,-3.7740104259008866,3.817229820108814,2.7350929676623448,4.662290021890092,1.966954935397336
2003-09-30,-0.8599999999999998,-1.17,0.5900000000000001,0.16000000000000003,0.87,0.30000000000000004,0.084,9.125489644953078,-4.889838249016165,-0.39406619611956906,-2.083506133134261,0.8827331855603138,0.2598730393337245,-2.773492942815148,-4.609026370220626,-0.8714199703507841,4.852624621641999
2003-10-31,5.08,5.95,2.61,1.83,-1.32,1.4699999999999998,0.069,-2.4864867286585657,8.710206357592343,4.428059081408486,0.9518166577861642,6.6970618056658715,0.6808674336713061,5.99939063303685,9.101156836604574,7.074205522089105,0.6825602373193629
2003-11-30,1.1099999999999999,1.4100000000000001,2.34,1.7000000000000002,0.09000000000000019,1.81,0.076,-2.05405425410925,0.8932944279725685,1.1701349551303863,0.7794324197770486,-0.36872860557828346,2.120275232389801,1.9619635681511927,2.2333678077630204,1.4169828040540455,0.22651858297977334
2003-12-31,-6.0200000000000005,4.23,-2.31,1.58,0.48000000000000004,0.8700000000000001,0.088,5.937925332163374,3.9271012221418378,1.7631667449424793,12.303590612737958,4.435741387136316,5.625546497713119,6.417157692224285,9.351784883056435,3.087404437416863,6.346350854843141
2004-01-31,1.5499999999999998,2.18,2.3400000000000003,2.3699999999999997,-3.55,3.27,0.06,5.39811393833034,-0.573255048261645,0.0,2.225469802590574,3.218153013402514,2.7156966452524856,1.0039619841680114,-4.5218692893613355,4.180278849716146,2.036501013032943
2004-02-29,-1.5400000000000003,1.43,-0.8299999999999998,0.86,2.08,-1.1500000000000001,0.057,5.128208241413823,2.148566451811096,5.53718202627187,5.120474234875116,2.817115137834847,1.0595519189557479,-0.742657208901143,5.0823009696069565,-2.5740324530819425,1.8723801869434453
2004-03-31,-0.07000000000000019,-1.23,2.2,0.2799999999999999,1.4700000000000002,-0.85,0.092,4.922420284445739,-0.6190422946150687,-0.24813002214458812,-0.627109427349426,-1.16816134837201,-4.258378058156298,-1.2308280930532156,-2.332806398337217,-2.6915590063479655,1.060429671072205
2004-04-30,-4.279999999999999,-1.7899999999999998,-2.04,-3.15,3.48,-2.87,0.084,3.364486700982372,-1.1403478010647117,1.3026959531573734,1.6898545192539416,-4.451370925716214,3.0599649377469174,-0.03784415509771044,-4.741358108260574,-3.8943298038334184,-4.3704204658029155
2004-05-31,0.8999999999999998,1.2499999999999998,-0.30000000000000027,-0.20999999999999996,-1.17,0.1899999999999999,0.06,3.20427304855464,0.6351572844701447,-0.5624511495729845,-0.30207758113589556,1.692513606591639,-0.32457791595263963,2.432259723134189,2.770290457648006,3.8446772784423544,1.1956111000094083
2004-06-30,2.23,1.88,2.57,1.15,1.09,-0.47999999999999987,0.084,7.796349447987527,0.2580785056646828,0.5471639478425772,6.049765514581962,0.4412850423053616,-0.3741430117953026,5.989519324128301,4.895672240427329,2.6929812158644317,1.716953092173501
2004-07-31,-0.6000000000000001,-4.11,-2.9800000000000004,3.37,5.52,-1.9700000000000002,0.105,2.2222224295898485,-3.8677147296368286,-5.0632225092202,3.0347858569437225,-2.1574605753295284,-5.515842624220912,-2.831110625509714,-2.3041594708040236,-6.2801469440143975,1.5037934382179596
2004-08-31,-0.96,0.13,-1.0399999999999998,0.96,1.2200000000000002,-1.55,0.11,2.328042545284603,-0.19736198496200785,1.7611961448246838,-1.5527982875030322,3.2016448673681364,1.6120860560509431,0.07181375361331455,1.6673297867211723,-4.524664459918304,3.9826762265871896
2004-09-30,4.95,1.62,3.2199999999999998,-0.07999999999999985,-1.46,-1.71,0.105,6.649082071905266,2.8429102591624122,-2.6691355767675784,9.315264066394269,-0.9245852838353663,-1.764014749163323,2.1269637353703352,3.940261702628156,2.8648815179374676,0.6327278753323728
2004-10-31,-1.8,1.47,0.10999999999999988,-0.2500000000000002,-0.57,0.49999999999999994,0.105,11.035232960553465,3.958974997990028,0.644272301102955,0.5994702012269926,0.5256780410478612,-2.2480762594748516,1.0166902851546311,-0.9482171359359803,4.299541743872526,4.755387337350392
2004-11-30,2.62,4.5,3.88,1.3800000000000001,-0.5300000000000001,0.07,0.147,9.88237117856574,4.104442981647649,2.4469376542120447,6.526748366205526,3.063414247599061,1.9349632139275208,6.08908318061232,7.8208588030060255,4.983913512379967,4.3574125218850845
2004-12-31,-2.83,3.42,-0.020000000000000163,-0.22999999999999998,-1.1500000000000001,0.45000000000000007,0.154,0.0,4.565645108021332,3.670797207830123,-2.861289934439837,4.0512309723677475,5.3677804078274605,2.4527225452404267,1.3283493110151312,2.5829087504011916,2.4330934249759295
2005-01-31,3.51,-2.76,-1.1099999999999999,2.14,2.8600000000000003,-1.56,0.16,0.0,-4.373056703072109,1.1630582188611793,3.3304831322034545,-2.1855020013372695,-3.163151391268748,-2.840088151136655,-3.108744553252052,-5.802222927831657,2.096449871826822
2005-02-28,4.47,1.9,-0.30000000000000016,1.36,1.2800000000000002,-0.009999999999999981,0.17099999999999999,7.91667812020771,-0.5342918583346012,-0.1285482946853822,15.510097420570146,-0.6718329090894315,2.9641964764737683,1.1523155840898358,7.5816575504287,0.15047314273632928,2.122117801025425
2005-03-31,0.5400000000000003,-1.9300000000000002,-1.5000000000000002,2.12,0.42000000000000015,1.4300000000000002,0.22,7.989632646297906,-1.175464685065375,-0.8801161280905578,-1.9277755934019591,-3.8790298928773392,-0.5596331961777334,-0.04384272333446404,-2.6937459437827105,-1.974275955358129,1.0998182875780582
2005-04-30,-0.3699999999999997,-2.56,-4.05,0.08000000000000004,0.9600000000000001,-0.9500000000000001,0.21,6.515000054811804,-6.57455685777979,-1.0480435906819352,-5.563681996723524,0.1760063148567692,3.423666921943491,-3.7159502729400273,-7.395482546152143,-3.5913096536281497,3.0408097468986206
2005-05-31,0.17000000000000015,3.64,2.67,-0.6000000000000001,-0.9199999999999999,0.31,0.23099999999999998,6.515000054811804,5.9999114633785045,2.299931880560413,2.7485885360631013,2.9107944714264367,1.254191119544945,3.122649611571582,-0.6446955472938942,6.711922979996654,-0.066588126395839
2005-06-30,2.14,0.5899999999999999,3.21,2.73,0.97,-0.51,0.22,1.136070255041588,-0.43199395043500566,-1.950926507961892,6.746437226042268,1.2387491579544552,-0.5301555201460584,-2.669493553643365,-2.02206684145394,-1.2968105137467045,5.7828855073506436
2005-07-31,0.87,3.9,2.73,-0.73,-1.13,-0.85,0.24,12.35207220112855,5.519015136557437,3.1584050029023203,6.846820060538672,1.5488930837611825,2.230822566906987,3.7412854006994234,5.379553388896952,5.517622927011168,2.2247607641577627
2005-08-31,2.48,-1.2,-0.87,1.3199999999999998,-2.02,0.33000000000000007,0.299,14.11769138420702,-3.346334726240041,-1.7616127447099839,6.190865135913004,-1.6506986227696085,-0.3472598959926021,-2.388987938250464,-4.280235366301799,-0.9546894834771003,0.6486627969187975
2005-09-30,3.5,0.4899999999999998,-0.3,0.7,0.2999999999999998,-0.65,0.294,28.716578142364124,-2.883264411989428,1.4045774308250714,6.0966850378251,0.8521378872530239,-0.5557081719958834,1.6617796556960496,0.7669167213161021,0.23950754514796557,4.141368081646446
2005-10-31,-1.66,-1.9699999999999998,-1.4000000000000001,0.4299999999999999,-0.8999999999999999,-1.2799999999999998,0.27299999999999996,28.716578142364124,-2.0523182131651385,-0.47362734802729456,-9.471420406935538,3.003257707124618,-3.1100283076785473,-1.4359585041319178,0.21792411319490057,-2.3234216028703347,-6.612713697178529
2005-11-30,-0.10000000000000012,3.57,0.8400000000000003,-1.13,-0.73,-1.08,0.315,-10.574040467855728,3.9123773153507457,0.9022700534444983,1.4842073041056114,4.656505766003605,1.210115735302697,5.656009050346,7.377057844153345,6.125818575809072,-0.1591283750274286
2005-12-31,0.49,-0.21999999999999992,-0.21,0.1499999999999999,0.21999999999999997,0.13999999999999999,0.315,0.0,-0.8595190802226149,0.11687204339394519,1.7835720608741834,0.0203104994010328,3.4015408897054122,0.4719130745450162,2.8209573038345592,-3.119571026266943,0.8554858226079709
2006-01-31,3.69,3.04,5.46,1.05,-0.5800000000000001,-0.35000000000000003,0.34,0.0,1.760815116665304,0.17155558167472051,13.636020394123216,0.8802838812832281,1.2843220356700158,0.28599019236157375,4.70908798134464,3.2944091146230203,2.3923302329446727
2006-02-28,-1.4900000000000002,-0.2500000000000001,-0.43000000000000005,-0.32000000000000006,-0.49000000000000016,2.0,0.34199999999999997,0.9530975870788438,0.7196732166316,0.8536031264818167,-9.68027068243762,2.1059980649678955,1.1449289209752855,3.062745923475152,-2.1657080308901566,0.23121353057953264,1.2979325705053668
2006-03-31,1.1099999999999999,1.47,3.31,0.5700000000000001,0.07999999999999999,-0.35000000000000003,0.368,3.4577806562727353,0.5866709980845375,0.8212999974120727,4.156142417542386,0.28934750975868617,-1.285658705843895,4.327849572176534,4.558313822932458,2.238034174585435,-4.742280232569662
2006-04-30,0.41,0.74,-0.7800000000000001,2.29,1.7700000000000002,-0.11000000000000001,0.361,2.8564274986600857,1.2693954962323506,0.9698608215982674,4.914043123621559,4.240633216120848,-3.1446322408444694,2.136812929788112,3.493097940573575,-1.3184892259312075,1.5768683197654454
2006-05-31,-4.1899999999999995,-3.54,-2.94,2.54,1.18,1.57,0.44,6.5671690555989315,-1.6861831667810634,0.20956303901571438,-2.822088428490499,-3.842028279765408,-2.1197659109097877,-1.7234523560967663,-4.1132594351314555,-6.719627232631931,1.6153006829221273
2006-06-30,0.7999999999999997,-0.2599999999999998,-0.020000000000000462,0.8,1.2999999999999998,-0.06999999999999992,0.39599999999999996,5.457705602278118,-0.17513615385649217,1.8237308966997379,2.5064908500810112,-0.4635732849215035,0.0349816945510284,-0.1285428055050275,0.514760004973791,-0.4907011621124724,2.2685104216924934
2006-07-31,-0.8899999999999999,-0.6799999999999998,-3.51,2.61,1.69,1.0,0.4,4.961550547525562,-3.380856166710844,1.5586850785871853,3.293235591240329,2.262406692924257,5.312656583961317,-5.846415768856428,-3.809967989895169,-2.6415873724444427,4.688611506804419
2006-08-31,-3.3699999999999997,2.0500000000000003,0.45,-2.06,-1.84,2.03,0.414,10.179510100768052,1.9632346908558862,3.7936487731495383,-5.214623676604857,1.1721022978589346,2.813608573718751,1.1225370444862826,2.9652482018709403,6.784780649855415,2.7111274433363697
2006-09-30,-0.8700000000000001,1.86,-1.3899999999999997,0.05000000000000002,0.81,0.52,0.4,-9.837698143192242,6.1759760419228815,-0.050458971518052564,-3.727568363783318,3.9463790418397426,1.5229598903239605,3.7469085156057957,-0.013814135087208967,3.95436859820264,-1.465186761786752
2006-10-31,-0.8600000000000001,3.2,1.91,-0.2899999999999999,-0.11,0.22000000000000003,0.39599999999999996,-10.821467957511466,6.265835760535765,1.7575158539104407,4.17725823760331,2.312734495832691,0.3308809628769005,2.7804230179188316,5.831656101386828,3.878365583776322,5.1602464197156195
2006-11-30,-0.5,1.71,0.7300000000000001,0.14,0.10000000000000003,-0.88,0.42,1.039861373067552,1.255276192855126,-0.8553360064859294,8.228985353377283,0.7031281228540465,-0.12020082660582077,2.4208622378487643,4.2609368320166485,2.8024809354634694,2.6196905510188717
2006-12-31,0.99,0.8800000000000001,-0.7599999999999999,2.67,-0.68,1.94,0.4,10.86154237026804,2.1453569172924514,2.4778828927742858,-2.857784353069004,3.694280742570921,1.039872448577972,0.4914524137680676,0.6297233973400651,-0.5401288270018068,0.8502523934768469
2007-01-31,-0.21999999999999992,1.44,0.07000000000000012,-0.66,0.19000000000000006,0.33999999999999997,0.43999999999999995,10.86154237026804,2.8272251564728013,2.0087859474721803,-0.9252752637062045,0.9211732162039965,3.0002133217016613,2.0637043401417365,3.9672946422485644,2.0004966867310348,-0.35470630246607904
2007-02-28,-0.99,-1.9100000000000004,1.3599999999999999,-0.16000000000000003,-0.48000000000000004,-0.7000000000000001,0.38,7.354613353725092,-3.036050303297877,-1.550447169709246,-2.069874625802459,-3.0948608270433553,-2.345449702422009,-1.125519075764858,2.6407230774435853,-2.7339635463200285,5.166202561572231
2007-03-31,3.2,0.7600000000000002,0.19999999999999993,-0.96,0.6399999999999999,-0.6599999999999999,0.418,11.4106244850392,-0.47381423461021477,2.0453762719616186,6.098029893252432,-0.4739668247481621,0.19500182473826122,0.8086362482263798,2.333686538451474,0.9911540661344809,3.529789782948667
2007-04-30,-0.37000000000000005,3.43,-1.98,-1.42,1.13,0.95,0.43999999999999995,10.373294986399273,2.3389835513179857,2.7753660404601366,4.9990100126312775,3.7999986408227215,7.0556943808835815,4.5368536237623935,1.4869670963881365,4.609084614395309,4.795078767858962
2007-05-31,2.7755575615628914e-17,3.22,0.4100000000000001,-0.6299999999999999,1.52,-1.33,0.39599999999999996,9.073848645232196,2.9610550665209345,1.3413263722759527,7.491917308019458,2.3763140558145324,1.7023933898430599,5.058083814282277,5.735958148001652,4.914102190559522,0.4551378939781081
2007-06-30,0.8200000000000002,-1.9,0.7799999999999999,-1.07,0.55,0.10000000000000003,0.39899999999999997,4.8595515768639075,-1.7623130321227976,-2.0127299363742246,1.2951452579989198,-4.099297382663458,-3.405072979662771,0.026951910289385594,-0.5332511694450925,-0.12496099558774176,-4.8636256949801115
2007-07-31,2.94,-3.6899999999999995,-3.17,-3.88,0.19,-1.16,0.39899999999999997,4.8595515768639075,-6.106994416677125,-2.887858706548263,0.014515735713072075,-9.503321797341302,-4.874749886583674,0.943299532407682,-2.702842643458059,-0.19549221253707394,-4.073765953547159
2007-08-31,0.9199999999999995,1.1699999999999993,-0.3200000000000003,-1.8499999999999999,-1.18,-0.51,0.414,0.7089363602720944,0.6197405833640701,2.3318268957425836,1.1957211324991945,2.5507713869615145,2.263799189830795,0.025341263908851275,-0.6873224870254546,1.8996590138616654,1.566600516506167
2007-09-30,4.72,3.26,-2.33,-2.14,-0.54,-2.88,0.323,0.5856430802247736,-0.8836041492997104,4.49180482471081,7.13817655434692,2.4119496886612524,3.0722388767075337,4.629074399138755,7.745821462667557,3.708796049591445,3.764441924402817
2007-10-31,5.43,1.87,-0.04000000000000016,-2.9200000000000004,-0.34999999999999987,-0.1000000000000001,0.322,7.080537122527897,-0.48997338099669996,1.525161916938833,2.5084258270585025,-1.7340863131106055,1.8498569550574384,-1.2985672669589832,4.071801796188934,5.166422671503268,6.445992852905302
2007-11-30,1.0500000000000003,-4.62,-3.09,-1.02,1.92,-0.3500000000000001,0.336,16.43914457403426,-5.611503881939761,2.708469841825867,-4.3024995401236055,-8.440052099851991,1.2693240478844459,-2.877007108297569,-5.170191481485897,-7.834224703762205,0.6574464102558686
2007-12-31,6.4,-0.74,0.24999999999999986,-0.5700000000000001,0.9200000000000002,-1.0299999999999998,0.28,15.656328165746913,-5.079976167687095,-0.8333547151526233,7.95624241424342,-6.0038688325750655,-2.8684212283935917,-0.13353213171911626,1.0665481103652397,1.9717592124683048,-0.18138773249285478
2008-01-31,-10.56,-6.32,-0.6100000000000003,4.28,2.39,2.25,0.21,16.43914457403426,-0.3676637026301943,-5.7158529993077245,-13.110388398258799,0.7232702009444036,-4.666837204600327,-5.673805561812362,-4.2872999880188,-13.685902220746504,-7.630954886036934
2008-02-29,7.720000000000001,-2.9699999999999998,-0.5800000000000001,-0.89,0.9700000000000001,-1.21,0.14,4.829817274908166,-3.944195625913549,-0.2576376944149139,8.862614977213834,-12.057549969930381,-2.7069328892106004,-2.0478572532037997,2.276822521505073,-4.846811442080412,-4.191686705741748
2008-03-31,3.350000000000001,-0.6199999999999997,0.67,0.29,0.7799999999999999,0.35,0.18,4.829817274908166,-1.8026059160822339,3.188455614743635,-2.3639897870913806,-2.9842150059870676,-4.650564526399004,3.5663026020333444,-1.4158428785941979,1.1494559336576504,1.5925897420500768
2008-04-30,-0.2699999999999997,4.62,-1.19,-0.8600000000000002,1.71,-2.5,0.176,5.085755324117791,2.348494851879268,-0.7565814289892892,9.87908090664873,6.7624982246542675,0.9896507640569485,2.898749637527942,5.190352677711152,6.062469783818525,4.986857968494007
2008-05-31,4.02,1.9300000000000002,2.96,-1.4200000000000002,0.7599999999999999,0.15999999999999992,0.168,12.390109343059574,2.697767025522335,2.992711233707279,5.068116524120336,-7.20571724428356,1.8880132100694613,0.8792524082081421,5.069004942582023,6.309329850432466,3.522983127743329
2008-06-30,14.89,-8.65,1.2999999999999996,-3.0100000000000002,5.36,-0.55,0.168,12.390109343059574,-12.255520185380986,-5.8684081163370205,3.1066630279849683,-19.175888885068957,-4.323044003646714,-12.812363621496559,-5.992381099700506,-9.835596067211938,-0.7490866868306689
2008-07-31,-6.1,-0.5099999999999996,3.79,6.15,-1.5,0.9300000000000002,0.154,15.655343865710414,0.17539716718122378,2.4008743076932237,-17.332024762529173,6.543219450062843,4.382593452579586,0.7907871936600142,-3.2885246936305457,-2.4747164412495692,-6.653913263419664
2008-08-31,-3.86,1.6799999999999997,3.32,1.8200000000000003,1.6999999999999997,0.6299999999999999,0.126,-3.128127677420345,6.677056541515913,2.664949948409001,0.33540442987693986,-0.9755741125613504,2.044658514923725,2.7052101202628354,-1.5725134877467184,1.7738559635353646,-1.1090964413458693
2008-09-30,0.09000000000000119,-8.690000000000001,-0.06999999999999984,8.02,2.1399999999999997,1.52,0.147,-3.128127677420345,-8.558199303239888,-1.2591504494695815,-16.170570761053817,-6.456724767812982,-7.721646230178347,-12.864942103397148,-16.815248546507533,-13.293644093754686,-11.633717764240181
2008-10-31,9.530000000000001,-16.139999999999997,-3.9800000000000004,-1.8999999999999995,3.5100000000000002,1.3900000000000001,0.092,-19.861917718983424,-19.4002409131647,-13.477391100679315,-20.824715981242292,-24.744365172904324,-12.195151414082028,-20.14644170216373,-25.354129446364748,-17.579376278035586,-13.926536894458641
2008-11-30,4.52,-6.289999999999999,-4.39,-6.320000000000001,4.96,2.5400000000000005,0.019,-16.40767115916022,-11.468737455890787,-0.20756311500353952,-2.2030741552444333,-20.432604485345426,-6.524035072774126,-8.578455085187153,-11.301977714285272,-8.783100204942595,4.100163404059343
2008-12-31,-5.53,2.79,3.75,1.3400000000000003,-0.17999999999999983,-1.4,0.0,-18.188731118979362,5.893680725490258,0.015955356347552296,-4.603494649382922,0.3699777401764841,6.943346015819918,2.2994846819936576,-0.5774661181165541,1.577313814191994,-2.4302316253851153
2009-01-31,-1.369999999999999,-8.01,-2.14,-11.93,-0.019999999999999837,-1.54,0.0,-16.535210108163056,-11.223486007622308,-7.478483268497271,-1.7954340379641387,-30.37853323259254,-1.2126151459516787,-12.781427929126732,-7.674935279622375,-4.853049396120346,-0.172398493553505
2009-02-28,5.530000000000001,-10.19,-1.3399999999999999,-7.139999999999999,1.12,-1.08,0.019,-15.708449602754904,-9.515448928838177,-8.42652070937091,-13.17057798732919,-19.539403139065502,-13.228008216052878,-18.669826950504252,-8.365008603035662,-3.8893722096978056,-13.382722826230431
2009-03-31,-14.64,9.599999999999998,0.9399999999999998,5.21,-2.8400000000000003,-1.7400000000000002,0.022,-18.188731118979362,11.953819099998642,4.160575698881619,3.6950744433208893,15.771963338555532,5.832402769505585,8.449998164170225,14.288294303734705,10.59886427364325,1.8844534197555607
2009-04-30,-29.97,10.08,6.65,5.73,0.82,0.56,0.021,2.1138090796143594,16.994624329792174,4.176968639592493,7.528513459890407,19.715631268415425,-0.12398977368124342,16.609373386731985,14.478084804904912,9.926023377822535,1.1673474687529328
2009-05-31,-13.120000000000001,5.39,-2.0600000000000005,0.9199999999999992,-0.7500000000000001,-1.87,0.0,2.9408246652948833,-0.7326177381548948,4.965582437741922,12.122330615836097,13.084794920335584,6.601066448792592,3.2997695621976852,5.6790423098576515,2.292373458447017,3.4971114744219545
2009-06-30,4.050000000000001,0.6100000000000007,2.3600000000000003,-2.56,-1.2899999999999998,-0.37999999999999995,0.0,18.183791681970618,0.25311351153347594,0.19866430305901517,-6.773172394999216,-1.8016694217251938,2.3425062985316103,-1.7189387984410942,-4.643371876241353,3.5749884413476263,5.232344483316265
2009-07-31,-5.34,7.64,2.29,4.65,-0.3899999999999999,2.9200000000000004,0.022,-0.6556216813425664,9.065169756502822,6.4430042666412835,5.210485871437642,8.498660162358629,5.760168683730171,8.381872512360733,12.105073111902387,7.864797053537798,3.695656268861125
2009-08-31,-9.18,3.4,0.05999999999999994,7.470000000000001,-2.87,3.32,0.021,-0.6258206958269952,3.4613407633517834,1.2160670033522614,1.0806308619725424,12.212958790261874,2.655485476996633,4.6634477375689265,2.341843581688785,1.611318832886166,0.9971059721049169
2009-09-30,-4.08,4.09,2.67,1.2100000000000002,1.0700000000000003,0.38000000000000006,0.0,4.050953480356156,5.210687302660322,3.2572829860911146,5.678098150937538,1.9289072102593785,0.6133007706595528,5.669954785038511,4.1350593555089965,4.528270832026093,1.368540883562197
2009-10-31,-0.8899999999999999,-2.3899999999999997,-4.9799999999999995,-4.15,4.35,-1.4800000000000002,0.0,6.59435699688764,-2.394655148470015,1.4428223441754096,2.436716823605689,-6.1419327343542385,-2.114963046054985,-4.067961421477717,-5.309872046332753,-1.2536458527713013,-3.2574214741785124
2009-11-30,0.48999999999999994,5.52,-2.5300000000000002,-0.17999999999999994,0.8800000000000001,0.19,0.0,5.994869997170582,6.495770197041928,3.611855758083271,2.8019967062201,4.250006183673483,8.890960059452935,8.414032826092921,10.22887056220716,5.383729522816516,4.712848991752416
2009-12-31,2.82,2.7700000000000005,5.9399999999999995,-0.04999999999999988,0.8800000000000001,-0.22000000000000003,0.0,1.1440905405548207,4.484574870999403,-0.22165003264378313,0.8765866839387737,-1.418912497992375,1.8139741826794342,1.6602544259860519,2.0478413503290493,5.641608377509177,5.326914668645744
2010-01-31,-5.91,-3.34,0.43,0.54,-1.19,0.6,0.0,0.988078194115527,-2.9313592594487847,-1.0252913339137582,-4.502585686387484,-1.5395907221026128,0.6736368341734078,-1.486334439170811,-9.03515991522541,-8.98296505541305,-4.922553657476936
2010-02-28,4.46,3.4799999999999995,1.44,3.2,-0.2900000000000001,1.3699999999999999,0.0,-1.8092367658155695,5.41948155650207,3.118800684299927,2.9648002411559737,3.465396799386067,0.38288873722267525,5.195081383594724,4.413466148420309,3.4235821005514033,-1.3294740692048723
2010-03-31,3.67,6.13,1.79,2.1300000000000003,-0.63,1.61,0.0,0.7620204655627738,7.517123411144633,3.69816579034028,2.777913342563876,8.524955427430303,2.6324207388014997,8.335679932719309,7.618447891154956,6.615968829147878,2.65500774949472
2010-04-30,2.6,2.08,4.84,2.8899999999999997,0.6200000000000001,1.71,0.021,0.4830295635394499,5.854460114779414,-1.0798943510590853,4.0710936229483075,1.3080343431684405,-3.9681294875858253,4.169202417763618,0.20613394643982375,1.2475893507368774,2.5958216971622594
2010-05-31,0.75,-7.799999999999999,0.29999999999999977,-2.3,1.19,-0.060000000000000046,0.02,0.46002815575185707,-7.296015248697252,-4.7434102853399995,-12.160881847905625,-9.605333119337445,-6.730569153499166,-9.561718291368004,-10.017628287527858,-7.776474929812549,-5.6771893681013985
2010-06-30,-2.98,-5.4399999999999995,-2.48,-4.81,-0.23999999999999985,-1.61,0.022,-0.9215423310017457,-10.22452077225644,-2.563993361340078,-6.108274462999841,-5.899272293697155,-1.841146187988718,-7.122971381165977,-7.614821613460698,-5.547717660713936,-0.7045060972951767
2010-07-31,0.82,6.869999999999999,0.26000000000000006,-0.1800000000000003,0.07999999999999992,1.97,0.021,3.921768188852237,7.631244132502069,5.641705527042928,8.041398183186566,6.313405554837326,1.303542548775427,9.918013071290899,12.071580437635854,7.186468665164547,7.200758665026541
2010-08-31,0.9,-4.760000000000001,-3.1700000000000004,-2.0300000000000002,0.42999999999999994,-1.66,0.022,4.108519054988058,-4.057032350112788,-1.8705943689409033,-5.0277278005111725,-8.14030483310293,-1.6587852835901362,-7.184986820089545,-3.07713408156145,-5.774928220431352,1.4383896650642214
2010-09-30,1.1600000000000001,9.23,3.5,-2.75,-0.2400000000000001,0.36000000000000004,0.021,3.3892872523802353,10.455378429553752,5.862631170004029,9.526967164834677,5.886996840489589,8.6758579126192,10.909435325566363,7.468940791805023,11.032129677100944,2.853708091057605
2010-10-31,0.9600000000000002,3.87,0.8300000000000001,-2.4,1.1099999999999999,-0.19000000000000003,0.021,7.299177273770052,5.389401704757146,3.1423507560502717,5.517450538734314,1.4527434714300735,2.2057526908983327,2.8366476644051897,5.979898089304081,5.616822216960671,1.0776977195408488
2010-11-30,2.87,0.6900000000000001,3.6100000000000003,-0.8799999999999999,0.40999999999999986,1.57,0.021,5.314337404391267,2.492771103806879,-1.576477419025446,5.6924312452537595,-0.6891250985190389,-2.929927650223796,1.3273501032072144,1.1144232680606159,-1.6563528656217574,-3.073275732507552
2010-12-31,-2.66,6.63,0.9099999999999999,3.48,-3.2199999999999998,2.88,0.022,8.818769165468154,4.014258501810852,4.305538774057993,8.909482664844415,10.169163936887804,4.500441810870859,7.210386298836591,9.565367232883437,5.40678995571926,3.0581218901827523
2011-01-31,-0.43999999999999995,2.0300000000000002,-2.31,0.8499999999999999,-0.8099999999999999,0.9400000000000001,0.0,8.017062877698322,-0.6167944083170784,-1.4779546123817155,6.933480821550653,2.7822993586672506,0.5697818641460906,3.8537279946237124,0.07808850294899194,3.126472152015136,1.2052437995661247
2011-02-28,2.0,3.5,1.71,1.16,-1.77,0.75,0.019,6.097706577708095,5.824890507151403,2.867098381140165,7.109603918461094,2.7068974635219067,3.077179891730397,2.1024291864534916,2.6189230893876037,2.169478085998078,1.2220053451320823
2011-03-31,3.26,0.5800000000000002,2.61,-1.7599999999999998,1.6199999999999999,0.059999999999999845,0.0,11.868486187010152,-0.58317773131491,1.2382557318621146,1.8649240268956202,-2.5065591740610405,1.7924079257054082,2.2058822154879643,1.7388790932963527,-1.5631215588720604,0.2310253646898186
2011-04-30,0.22000000000000025,2.91,-0.53,-2.36,0.91,-0.7499999999999999,0.0,9.366232098111382,3.7693211523821546,5.209491329597071,0.9112150495109272,-0.061027115797118725,6.234654617933488,2.6975532998579688,2.1016900404696948,2.5759258336019997,3.967924570991199
2011-05-31,-0.2500000000000001,-1.2099999999999997,-0.5000000000000001,-2.19,2.11,-1.54,0.0,9.834543703016951,-0.27165665672970185,2.47544606356489,-4.277590496492456,-3.3522664781213685,2.438813015626895,-2.8037912604258697,-2.778660377790576,-1.0526435787456823,2.1185168302851665
2011-06-30,1.79,-1.6400000000000003,0.32999999999999985,-0.36,2.4699999999999998,-1.54,0.0,0.0,-0.21789369422759997,-2.7009329587058595,-1.9408254207620157,-2.7837732193931153,-1.1304064922098345,-0.5472412363204171,-0.4027409605349863,-2.514669332553199,-0.1439807088692735
2011-07-31,0.7900000000000001,-2.2800000000000002,-1.15,-0.8999999999999998,2.66,-1.85,0.0,5.233221037327596,-1.4024773645982425,-1.2890393483106166,1.4492981905140478,-3.6488499724646406,-4.049369585525531,-7.121980751118917,-3.515477782939991,0.4270968226033123,-0.9302214906628858
2011-08-31,-0.08999999999999986,-5.130000000000001,-2.92,-2.31,3.0100000000000002,-0.6100000000000001,0.0,7.243843764495317,-5.388526267252169,0.19438092296324427,-10.776143778291747,-10.086620560622794,-2.1327746837500605,-6.800493434966537,-7.283332117769792,-5.45409031528683,2.1474290897040227
2011-09-30,2.3400000000000003,-7.530000000000001,-3.77,-1.56,1.91,0.05000000000000002,0.0,4.555306257355607,-7.1444683754660065,-3.351118879541426,-15.575855221645218,-12.093669540925056,-4.591863941548446,-9.772352985020438,-18.007770029011905,-3.1176916545704536,0.2158490270834701
2011-10-31,-4.72,11.18,3.4699999999999998,0.21999999999999986,-2.24,-0.7699999999999998,0.0,4.555306257355607,11.273419554237663,4.547752553649653,17.51454518923099,13.37431969150713,5.6072819057149115,13.430125348247612,15.987560168806603,9.72344270708465,3.5931980092950955
2011-11-30,4.55,0.08000000000000007,-0.020000000000000018,-0.3400000000000001,1.7600000000000002,1.38,0.0,3.876904249038926,-0.7201452694809873,2.732911035051666,1.650374300301305,-5.246408394907975,0.9489613005707387,1.3965331415876303,0.20301049211397526,-1.5107756328686772,1.027735855750933
2011-12-31,2.01,0.89,-0.18999999999999978,1.6700000000000002,0.8800000000000001,2.4299999999999997,0.0,0.49912850813447207,1.2989544863501568,2.7326269319983165,-2.0634727259534635,2.1108078770940786,2.9218986464147,0.2538927142013758,-2.305689165988367,-0.2291480931108758,3.2770751455594826
2012-01-31,-8.2,4.9799999999999995,1.9400000000000002,-0.85,-1.9500000000000002,-1.23,0.0,0.47536048393759245,5.727251602339045,-1.4259500397009628,2.231539992405285,7.838471156847415,3.149688401063555,7.063112858990994,10.422561945871855,6.0231726444087474,-3.680009451947175
2012-02-29,-0.9500000000000001,4.34,-1.56,0.43,-0.46999999999999986,0.010000000000000009,0.0,4.270330073735451,4.426225397105155,3.6779982794407307,5.75825973413755,4.858695519647371,1.05582926167056,2.7503370549829764,-0.566476232648272,6.862258702369983,0.6037310478609115
2012-03-31,1.5600000000000005,3.13,-0.3699999999999999,1.09,-0.55,0.74,0.0,4.600820689076279,4.612582377486341,3.053778632581272,-3.8843747016981123,7.127664121772881,4.379804184957914,0.9741990853043614,0.3800625486459097,4.4152766822577405,1.3498099018314669
2012-04-30,4.1499999999999995,-0.7700000000000006,-0.44999999999999984,-0.77,1.31,0.6599999999999999,0.0,4.1825642627966175,1.1466466681209209,0.29299800724733593,-0.7133401430379216,-2.3695891273042946,-0.2662723319073024,-1.1016750328237457,-0.8147487735979286,-1.1337306274947334,1.7539728617792516
2012-05-31,6.3999999999999995,-6.3500000000000005,-0.0699999999999999,-1.15,2.21,2.3200000000000003,0.0,-4.554707894620869,-5.660421438928154,-1.1771941605148495,-11.296951832626823,-9.654270015595756,-3.6930469204428107,-6.531346155397388,-8.09068134251576,-6.547806327936545,0.5592619797682108
2012-06-30,-1.1900000000000002,4.0,0.8599999999999999,0.6100000000000003,-1.16,0.44999999999999996,0.0,-1.736080074905555,1.9182925737538437,3.5748290112602277,4.697868669768024,4.878341289993271,5.554761890637128,3.315592150178892,4.795243627140122,3.2116111235538813,4.028879473228342
2012-07-31,2.6500000000000004,0.8500000000000002,-2.75,0.020000000000000268,1.19,0.09000000000000007,0.0,-1.736080074905555,-0.549723419675896,2.4433187610709783,4.82375085340081,0.13648793014011673,0.994785684338062,0.3917527634019091,-1.2833713828444893,1.827921180462111,2.4830858298388936
2012-08-31,-1.3599999999999999,2.56,0.48,1.24,-1.33,-0.8400000000000001,0.0,13.323250809183307,4.513108030127855,-0.4783035105264233,2.6634020574974215,3.353754737674297,1.1653133833520624,1.5241725338123402,2.2983153295481618,4.11774943640868,-4.22843043234753
2012-09-30,-1.3899999999999997,2.7399999999999998,0.5800000000000001,1.6099999999999999,-1.55,1.47,0.0,11.006163711934036,3.0342767693017247,1.7414819302622675,3.0682930452913038,3.211613006473879,3.7382114767429364,1.1116782341073606,3.6972609331796136,1.5211896509240042,1.1624828493459471
2012-10-31,0.07999999999999982,-1.7,-0.89,3.6399999999999997,-1.2799999999999998,2.6,0.0,5.655645984240376,-1.5507994267251135,-1.2356866472293504,-2.0500096527477307,1.9689277420211315,-0.2245768832309203,-0.10956891276552305,-2.1145916286491317,-6.568490001619143,1.3917457610617578
2012-11-30,0.14999999999999972,0.8700000000000001,0.51,-0.86,0.7200000000000001,0.8,0.0,-3.5295879655627083,3.119930442472052,1.8200567452240524,-1.2307755984722224,-0.8844039721175534,0.5232457027024129,1.7386641923526014,1.8424548250475237,0.8965391185290716,-4.376202676178309
2012-12-31,-1.9700000000000002,1.21,1.85,3.48,-1.8900000000000001,0.8200000000000001,0.02,-3.3615123481549603,0.4498618674586119,-2.0985094033172835,1.0136204796128645,4.544341456327183,-0.3600321725807376,2.7834749025433148,3.143164118246977,-0.39219090721340777,-0.01661234095320374
2013-01-31,-1.9,5.48,0.42000000000000004,0.8999999999999999,-1.81,1.44,0.0,-3.5295879655627083,5.51541536617548,5.491158391682616,7.976242503626274,5.864880901184755,7.322956606611575,5.59262786041983,3.8667870904532275,1.8884502059670183,4.644208017314044
2013-02-28,1.49,1.3299999999999998,-0.23999999999999994,0.14000000000000018,-0.7000000000000001,0.64,0.0,10.288951913014355,1.58324782866206,3.2553665259038134,0.4386172665235222,1.2010351754246251,1.2506077445970654,2.1962744739169704,-1.367611606475938,0.7792688397195491,2.2970737459646173
2013-03-31,2.11,3.9699999999999998,0.7999999999999999,-0.15999999999999992,0.1300000000000001,1.4,0.0,-5.631759947904769,4.282789075174964,4.808893768076139,2.5108878865741424,3.800636871286045,6.026169697812245,2.3429302794024665,2.187816593572478,2.5450370198972116,5.229749272281259
2013-04-30,0.19999999999999996,1.6300000000000003,-2.1500000000000004,0.47,0.22000000000000006,0.43000000000000016,0.0,-4.5983566955491995,2.9925589736924607,2.899517759714154,-1.319974730464013,2.6552589822509187,2.9590410671146206,-0.7450853889864995,0.9399562820161744,1.735742873213697,5.788299385012685
2013-05-31,-0.75,2.8400000000000003,2.0100000000000002,2.59,-2.04,-0.71,0.0,0.9109534517344642,2.7275085081107875,-2.197885759309548,2.8092713675427206,5.9176815959534945,1.6345632995204529,4.896243659922828,1.8785521452696408,2.7539488845695903,-9.487599364749366
2013-06-30,0.26999999999999996,-1.1000000000000003,1.58,0.05000000000000018,-0.3600000000000002,0.03999999999999998,0.0,0.8281395015767856,0.8175485805409277,-0.3027843743573566,-2.2928422982268604,-1.5830473308176884,-0.5930244486757719,-1.5561184160215902,-4.196968651242772,-2.9343883999107145,0.8905625318347266
2013-07-31,1.67,5.49,1.68,0.57,-1.34,0.49,0.0,4.302185771831013,5.131992090892812,4.2443661279714995,5.128055712153401,5.20901714671691,6.917488786938897,5.741908476901436,5.405376691417141,3.658929372078834,4.240429310954985
2013-08-31,-0.22000000000000003,-2.6799999999999997,0.0,-2.76,0.66,-2.12,0.0,5.245780389016375,-2.8878327098439183,-4.648500001904621,-1.0366382265966756,-5.260452651046377,-3.59176674593944,-2.511373035569653,-0.12364441153480676,-1.0454654461050872,-5.121271964039753
2013-09-30,3.3499999999999996,3.72,2.48,-1.16,-0.6199999999999999,-1.3,0.0,4.768891262742159,5.280966665389375,1.3617140010738105,2.0921878792683923,2.7825370504624747,3.1569875725684593,5.701257169884055,4.333200410266036,2.5005882655143363,1.140862587217395
2013-10-31,0.03999999999999998,4.16,-1.37,1.2,2.59,0.77,0.0,1.2307020860269802,4.483154155859781,6.2101742815090955,4.111586372363929,3.261159802335589,4.21893332552199,4.651984153154443,4.104118707980886,4.902769455798772,3.7035446599521293
2013-11-30,0.07999999999999999,3.11,1.42,0.2800000000000002,0.16999999999999998,0.06000000000000005,0.0,3.6855808911546717,3.395423040355361,1.5463734965837084,0.05785893092680183,4.32885981954656,4.6106597032128604,3.5956615064902664,1.2938803962232903,3.0438490160273,-1.952887539584447
2013-12-31,-0.009999999999999995,2.8200000000000003,-0.41000000000000025,-0.019999999999999934,-0.47,0.19000000000000003,0.0,3.8698599357124053,2.257549349055754,0.6875907278237392,2.831239894520632,2.2227665002801267,0.736171696303245,4.132036765238878,4.780168627976122,3.473666374446349,0.9068928495974848
2014-01-31,1.34,-3.31,0.6199999999999999,-2.13,-4.04,-1.3699999999999999,0.0,3.8698599357124053,-6.187860996895989,-5.30338515811799,-5.9707039841305765,-3.7283145260276207,0.9335688839687606,-4.36082279194383,-4.831401151721337,-2.607849677119889,2.9326339818350977
2014-02-28,1.8699999999999999,4.59,0.16999999999999993,-0.33999999999999986,-0.19999999999999984,-0.44999999999999996,0.0,3.501301846596938,6.202780421678256,3.826738146487907,4.9943205627411835,2.9936823854288974,6.033036913007495,3.977398543273658,6.6749631320788705,4.30026107413104,3.3944286600909646
2014-03-31,-3.1900000000000004,0.46999999999999986,-1.03,4.91,2.17,1.89,0.0,3.8698599357124053,-2.9089152628737125,2.1693193328646387,2.0865009490623976,3.2765543835338917,-1.2657714519026086,0.9520103317599116,0.822512825876176,0.429257428035168,3.2959691601365915
2014-04-30,-4.1,-0.15000000000000058,-4.0600000000000005,1.1600000000000001,3.47,1.0,0.0,3.911145351881906,-1.3690756033544638,2.7034350248761108,5.121426958783282,-1.7156365096434811,-0.6346133238815277,1.3288243693631685,0.8215105381859988,0.27474861678524753,4.134322239303012
2014-05-31,1.5399999999999998,2.08,-1.7799999999999998,-0.12,-0.040000000000000036,-1.01,0.0,3.9925147116549375,2.8414904052537437,1.7921939761951666,1.6609819591659303,1.4915611474787926,2.8328569402135795,1.9051444732967049,2.914957688368691,3.6896468957874795,-1.093658461457947
2014-06-30,0.2599999999999999,2.62,3.0100000000000002,-0.6399999999999999,-1.8699999999999999,-1.92,0.0,3.9925147116549375,1.9200903130768054,-0.2536158807391775,5.3667060199154015,2.3937040296180268,2.0993397706426276,0.4737809598565068,1.6015985144509859,1.851632905272771,4.346098777018437
2014-07-31,-1.33,-2.01,-4.38,-0.030000000000000027,0.89,0.5199999999999999,0.0,2.474675286052097,-1.2817588159653504,-3.373135512630965,-3.528023384470025,-1.461813253668165,0.13142530117340456,-4.21258046493711,-2.014499019940308,1.680731134323299,-7.0430018707105635
2014-08-31,1.0,4.18,0.33999999999999986,-0.43,-0.5900000000000001,-0.5399999999999999,0.0,-0.33602971281680993,4.3507465493092035,4.509630891705774,2.1601002210455356,4.151818573189736,4.729589587918026,4.13853641003854,3.791545840355326,3.229324808788281,4.803921086604923
2014-09-30,1.32,-1.9100000000000001,-3.76,-1.59,1.1600000000000001,-0.6,0.0,-0.33602971281680993,-2.8099888516645244,0.5870761900449661,-8.068290245149168,-0.4042604598080146,0.43405981547972594,-1.1530044989758625,-1.415117005907618,-0.5184063891336965,-1.8907297608780294
2014-10-31,0.5900000000000001,2.63,3.55,-1.62,-0.4600000000000001,0.04999999999999997,0.0,-0.4552470287996435,2.0922201659753448,3.48544133734201,-3.5950711179724593,2.8506395183743205,5.123859485616622,3.802575491503335,-2.4289348899899643,1.5912886766878742,7.724253848330598
2014-11-30,2.1899999999999995,2.54,-2.1999999999999997,-3.08,1.4600000000000002,0.24000000000000002,0.0,-0.37607363248666204,5.304641000928534,5.3965443803434265,-9.095025827578551,2.321809946948017,3.4193857307648123,3.0326832352900013,1.558037389937672,4.697979481149384,1.1588411703831625
2014-12-31,1.4100000000000004,0.05999999999999961,2.85,2.27,-1.24,0.8700000000000001,0.0,-6.796628647873604,0.8860818182114372,-0.9401102695660413,-0.2110271255426177,1.8529851201389391,-1.4133228431357558,-0.02158363102582328,-0.5584164581853734,-2.200827959271434,3.5050048108374643
2015-01-31,2.4899999999999998,-3.01,-0.9099999999999999,-3.68,1.6400000000000001,-1.5400000000000003,0.0,-6.178753316248731,-3.0395043814268163,-0.9739880681917779,-4.667628567176152,-7.208828112078791,1.2931528389623637,-3.6171370915761614,-1.849057218533634,-3.5695689601208613,2.302867531242292
2015-02-28,-2.9,5.99,0.29000000000000015,-1.74,-1.0999999999999999,-1.79,0.0,-5.869815650436294,8.19863396328735,4.060565382502412,4.490604402099674,5.660325128078414,4.19818966531551,5.212691903011768,7.666621977694943,7.691424692093607,-6.608550345668451
2015-03-31,2.29,-1.06,3.08,-0.38,0.04999999999999993,-0.55,0.0,-6.796628647873604,-0.48418189226149266,-1.9617434636640674,-1.161914116410312,-0.6179562848993125,0.6386218784210307,-2.5790219607192633,-5.029250343795066,-3.4959352234206875,-1.0002854955622364
2015-04-30,-6.57,0.6199999999999997,-3.07,1.83,0.08000000000000007,-0.7000000000000001,0.0,2.1880653740024236,-0.05308508657213551,-0.7620532456868556,6.366801126663324,0.08294173541112393,-1.095636692230606,-0.2513375680547547,3.3067202552047092,2.713806910985994,-0.47373843990556885
2015-05-31,5.65,1.3700000000000006,0.83,-1.1199999999999999,-1.75,-0.44000000000000006,0.0,6.584639408107051,1.3060004703240757,0.8645682244835751,-5.328143563211807,1.9290869762503604,4.405730916857742,0.32302544667670574,0.3761525139531319,1.838304536139157,0.6312045334599059
2015-06-30,3.8099999999999996,-1.46,2.93,-0.7600000000000001,0.36,-1.56,0.0,6.0810137777732365,0.5529204889658246,-1.8514141772940196,-3.545621463027615,-0.4621008069383148,-0.39274244682276915,-2.6905748723452305,-4.029626045353307,-4.199813545568265,-6.17061881133556
2015-07-31,8.33,1.62,-4.6,-4.220000000000001,0.18999999999999992,-2.2,0.0,3.4871383887876917,4.774357264834439,5.5371075490701305,-8.002073557460854,3.3477814856470722,2.9145249047823896,0.29555128690943455,-5.173937327096878,2.810406388013753,5.923384026439749
2015-08-31,-2.79,-5.96,0.2200000000000002,2.95,0.7100000000000001,1.22,0.0,3.328632098388251,-6.755150958684197,-6.148225506738791,-4.344973121435869,-7.322387787640894,-8.29956462545347,-5.555413240351648,-5.801707799543943,-5.677187162812869,-3.5400338881425686
2015-09-30,6.05,-2.950000000000001,-2.96,0.5900000000000001,1.84,-0.8799999999999999,0.0,-4.725245984071691,-0.5887026678773388,0.3891177470255691,-7.4652530215604695,-2.8537483115267825,-5.871954826912518,-2.228677198858131,-7.71117464835247,-1.3813478411653701,2.875741711001023
2015-10-31,-3.5700000000000003,7.54,-1.84,-0.4100000000000001,0.78,0.6699999999999999,0.0,2.1757841645019482,8.65058587076426,5.543809838810176,10.58018107791936,6.07801069555407,7.432364285258686,8.415080484961512,12.598765680918156,9.990262198379662,1.057016412183831
2015-11-30,1.67,0.63,3.3,-0.3699999999999999,-2.59,-0.8499999999999999,0.0,1.9779856040926802,-0.23491307728331634,-0.9264823790704035,-0.014728505059347086,1.9737902556436815,-0.3229252499765245,0.8623300336999318,0.9889361222986004,0.7076614198660902,-2.148664776060061
2015-12-31,3.1199999999999997,-2.03,-3.1300000000000003,-2.69,0.39,0.30000000000000004,0.0,-2.367490948936357,-2.8842982382519367,2.875899454322006,-11.112079914601214,-2.392778945731555,1.7081876863834111,-2.6061156464181945,-4.437101718020431,-2.1030900012388276,2.0970124316423533
2016-01-31,1.0700000000000003,-5.710000000000001,-3.69,2.42,3.0,2.98,0.0,-2.0446512740813994,-5.320754702618036,0.5333182187746477,-3.560633093209953,-9.271216851601194,-8.033176817987098,-5.865757223014079,-11.327367077154094,-3.7830087511196098,4.826222995807905
2016-02-29,-5.77,0.08000000000000007,0.8799999999999999,-0.6100000000000001,3.17,1.8599999999999999,0.02,-2.6611202524726707,0.4442784772074049,0.3147195648392387,-2.8401748583272823,-2.9434264795110465,-0.3617249787689403,4.172557771312491,7.524995467353035,-0.6568731280894635,1.9189591273136575
2016-03-31,-4.6899999999999995,6.78,1.0899999999999999,1.1400000000000001,0.6100000000000001,0.03000000000000004,0.022,6.8857646196407885,6.482688854272034,4.629520645704233,9.681722591719222,6.914468524679407,2.6714543089731535,6.741153831270319,7.299981489086438,8.454090907634315,7.6743128380177605
2016-04-30,-5.32,0.96,1.2400000000000002,3.23,-2.88,1.83,0.0,8.028986538740934,0.126331324729545,-1.442725536052647,8.676890161307682,3.5367611300653135,2.9223812733920163,1.2362220464098517,4.9841732263929295,-5.157854272295559,-2.44815102804421
2016-05-31,1.0999999999999999,1.8399999999999999,-0.5,-1.64,-1.07,-2.31,0.021,8.028986538740934,0.05050055691757649,0.685965231424257,-0.9376905622932696,1.869996578132227,2.2106740729564756,-0.42824768682172554,-0.3402886227683144,4.773856341007976,1.4964256744200544
2016-06-30,4.1899999999999995,0.1299999999999999,0.46000000000000013,-1.3999999999999997,1.1999999999999997,1.79,0.022,6.098645154876259,-1.1460470589123695,5.219908054932265,2.684356015088074,-3.286109313957475,0.9050201536386915,0.7106087211435685,-0.787650431198017,-1.3873540974636889,7.351103553509697
2016-07-31,-3.96,3.9,2.41,-1.2,1.22,-1.0700000000000003,0.02,-1.0076552866262745,4.459610294313521,-0.819284771358042,-1.268277702670062,3.3974176792673116,4.752076921852044,3.5602393440348656,4.946818468360137,6.860827641071543,-0.6693053858310094
2016-08-31,-3.73,0.5200000000000001,1.7000000000000002,3.15,-1.8299999999999998,-0.27999999999999997,0.023,4.249282384426056,-1.307191881716907,-0.5867406563502264,1.6631678062710264,3.7756478808380844,-3.2984328912817773,0.9431503772652672,-0.26733814725252714,1.1558346990138357,-5.704544703018888
2016-09-30,0.54,0.32999999999999985,1.9000000000000001,-1.21,-2.2,0.16000000000000017,0.021,5.501527888014834,-0.26700305576969896,-1.5575901702405304,3.6217746718894883,-2.841801640008157,-0.5109727281576326,0.18598018416988715,-1.1679819809810255,2.0800443519099154,0.3604206508925678
2016-10-31,0.43000000000000005,-2.04,-4.1499999999999995,4.27,1.06,0.2900000000000001,0.021,5.501527888014834,-2.453645459842946,-0.7735218867978677,-2.8587490424314854,2.2542095362843018,-6.814117455397284,-2.0244972982329745,-2.1164653539342826,-0.7563232603081449,0.8941501851474243
2016-11-30,-3.3499999999999996,4.81,6.62,7.57,-0.41999999999999993,3.46,0.021,2.4743319376490547,4.689829839602044,-4.295496828262735,8.127482990920987,13.131259628748992,2.0425275093824524,8.6997066294066,6.600779423257919,0.168552214045814,-5.574352234632407
2016-12-31,-1.4200000000000002,1.8200000000000003,0.4600000000000003,3.4499999999999997,1.2,-0.24000000000000005,0.021,5.294815901932459,0.039017587801915,2.952551145830151,1.7159732212573608,3.6875975802273864,0.7137278822323623,0.305593323329445,0.17649642848422964,2.234694402448145,4.782627617797841
2017-01-31,-0.019999999999999907,1.9699999999999998,-1.3599999999999999,-2.67,-0.5499999999999999,-1.0699999999999998,0.04,5.042681811364247,4.127396551835982,1.6874710919813296,-3.265693136907988,0.25775028882426554,2.2659690654257325,1.8472034183282027,4.4469186333224275,3.494876595342067,1.2480676523990208
2017-02-28,-1.27,3.52,-2.17,-1.5399999999999998,0.47000000000000003,-1.78,0.038,3.02364180426542,1.7991097858144123,4.66237154640452,-2.107117505345668,5.142200005267661,6.145789294246118,3.8382920841662838,0.5565586866026262,4.4330135858963615,5.132396506028947
2017-03-31,-0.8099999999999998,0.20000000000000004,0.8300000000000001,-3.2899999999999996,0.61,-1.02,0.023,-1.0748148374106314,2.111492583340091,-0.4235610309029969,-1.4971295353312097,-3.0006894159202435,-0.48168503481127445,-0.768510221731411,0.6199576021081565,2.2016327635134836,-0.1354298999533654
2017-04-30,0.6699999999999999,1.0899999999999999,0.5500000000000003,-2.0100000000000002,1.83,-1.43,0.057,-0.8878905178609564,2.3707573120747227,1.09328603802199,-2.9913794836882612,-0.8463814566372907,1.5214137907376468,1.9482845522328596,1.2514278673344759,1.9872157528932899,0.757229555972172
2017-05-31,2.13,1.08,-2.9899999999999998,-3.87,1.02,-1.7699999999999998,0.066,-1.7034107983993962,1.0933161030587613,2.6115010534780936,-3.601820184557125,-1.1971089659364331,0.7652971985893764,1.7630883864309332,0.018888502847014266,3.8775186500710657,4.055880881467333
2017-06-30,0.17000000000000015,0.8399999999999999,2.55,1.5200000000000005,-2.23,0.04999999999999988,0.066,1.433116176922411,-1.267406558957962,-2.279258030068698,-0.11176186545780453,6.309987012201557,4.465887523094558,1.3422303408177072,1.833287974596498,-2.8520964007748173,-2.7462228010225687
2017-07-31,1.9999999999999996,1.89,-1.65,-0.28000000000000014,-0.8300000000000001,-0.19000000000000003,0.08,1.3028328881112827,1.9117962330843952,0.6892838849288818,2.5849429252450484,1.6881537847856176,0.8169135949406936,0.29318361796342174,1.5307045217863635,4.362493706487314,2.396044400789421
2017-08-31,4.31,0.19999999999999996,-1.8199999999999998,-2.11,0.19999999999999996,-2.09,0.092,8.834850042213116,-1.8783187679887625,-1.1087658022083335,-5.634652089905101,-1.566598811873332,1.7372716891538964,0.21938353794199728,0.7838733660437747,2.879749762904238,3.2352975125860883
2017-09-30,-1.6199999999999999,2.51,4.55,3.04,-1.28,1.83,0.1,10.186793052215037,0.8205232812925622,-0.7175854631872092,9.696617350090797,5.005596739065998,0.9072417129170063,4.099258841923525,3.630304762889791,0.8145134879093519,-2.795468748152574
2017-10-31,5.17,2.26,-1.83,0.15000000000000008,1.04,-3.4899999999999998,0.088,11.205472357436541,2.098166540855839,-1.6625199576417504,-0.8358202935454084,2.8213865097688196,-0.7614720860691371,0.7437279592704904,3.8001373939990923,6.3109885477278915,3.8277939334910194
2017-11-30,-1.4700000000000002,3.1,-0.2300000000000002,0.020000000000000018,3.03,-0.3799999999999999,0.084,5.5953546900714635,4.941609371098377,5.425552546009893,1.737130495032968,3.400168832967587,2.868103604331651,4.081598672574405,0.9446522752449837,1.4039171105359571,2.649655425839237
2017-12-31,-1.08,1.07,-1.04,0.05999999999999987,0.77,1.79,0.08,4.209345732347103,2.4285127678830065,2.2280132905444283,5.135290114825919,1.8705100462590885,-0.5520353650417142,2.0866302960795835,2.1046645872931258,0.544337383455229,-6.2494772670422805
2018-01-31,3.19,5.46,-3.0,-1.2400000000000002,-0.79,-0.84,0.126,4.419813018964458,8.838674590268791,1.6215253490941883,3.521535367726658,6.350815323693837,6.3495358672923,5.226392970640958,3.920161653958898,6.80020251600304,-3.162624305064421
2018-02-28,3.7600000000000002,-3.4699999999999998,0.25000000000000017,-1.0699999999999998,0.43999999999999995,-1.72,0.114,5.108472783737561,-3.530625646249952,-7.933679737601551,-11.468183366463025,-2.9689876236903334,-4.599100301510184,-3.939578111879438,-5.418196025679167,-0.40993480667541604,-3.9565725829076026
2018-03-31,-1.0899999999999999,-2.23,3.62,-0.19999999999999998,-0.3500000000000001,0.20000000000000007,0.105,0.40392221416194474,-2.413612597937753,-0.9110352103248953,1.7083640936768507,-4.244119340968844,-2.9599472843155894,-2.725127311371711,-4.234747765015712,-3.805242956691224,3.726231740122943
2018-04-30,1.0699999999999998,0.39,0.8600000000000001,0.49000000000000005,-2.08,1.48,0.147,0.40392221416194474,2.351403051685974,-4.230362548365552,9.070065632953028,-0.43621175693071557,1.0509849075237554,-2.8259524128155356,0.1228617462207815,0.06108859564841751,2.0178998366370937
2018-05-31,3.28,2.66,4.53,-3.06,-1.85,-1.15,0.132,4.9618897762860215,1.9670436830932836,-1.5782743559212165,2.9502198065413765,-0.9884877320943453,0.18218341887097367,3.0276755612544726,2.031494749406715,6.56263808092703,-1.111689103602398
2018-06-30,-2.31,0.5,0.8499999999999999,-2.33,0.74,-0.08000000000000006,0.126,1.8915527075506589,3.5547327044061383,4.467720214332749,0.5679314928467072,-1.762381685257175,1.6358344436541827,-3.4477361686898966,0.27517821049851676,-0.26349471412601133,2.774985282175546
2018-07-31,-0.44000000000000006,3.2,-1.8699999999999999,0.41999999999999993,1.47,0.19999999999999996,0.168,1.8915527075506589,1.7863259996898861,3.8825114600654853,1.5419009272373607,4.988217804802497,6.348231129293147,7.1251899902780025,2.818523772630943,2.06576545288355,1.5847953267172254
2018-08-31,4.92,3.4099999999999997,0.6200000000000001,-3.92,-0.24999999999999997,-2.5500000000000003,0.161,4.107168450432752,4.978666560283784,0.39125832781166103,-3.5369000107200677,1.350403115700427,4.2381417726937265,0.23373510662025865,-0.7731224567535833,6.3903675209862065,1.2799050808584678
2018-09-30,-0.20000000000000007,0.1,-2.51,-1.75,0.55,1.28,0.152,3.3928782851400996,0.5290540193747972,0.9823426136052138,2.416548182535383,-2.2403978831976534,2.9114181932293093,2.154024049111758,-1.8117289931911085,-0.019237993578524737,-0.6504690312441941
2018-10-31,-1.8700000000000006,-7.73,-4.78,3.64,1.0500000000000003,3.6900000000000004,0.184,5.3747494525519635,-10.647975494390849,1.9828236066902427,-12.022897746114669,-4.828240996611077,-7.019461565259988,-11.504482796234683,-9.63292352115852,-8.343376258345625,1.956042143572434
2018-11-30,-0.4900000000000003,1.8399999999999999,-0.8200000000000002,0.17000000000000015,-0.76,0.12999999999999995,0.168,-1.4793239571229577,2.446566218688684,2.2468870390046636,-1.5757609298959085,2.591672523041577,7.7733319516689825,3.7358817027134172,3.7311008540536594,-1.981990048436888,3.477662651893665
2018-12-31,3.04,-9.67,-3.15,-2.2199999999999998,-0.12000000000000002,0.10999999999999974,0.209,-1.3384359612064856,-8.290581677450692,-9.33720222447656,-13.283662855387268,-11.798369500838568,-9.820472436580374,-11.270980725402069,-7.136411004609888,-8.748227148327636,-4.076431344647791
2019-01-31,-7.78,8.22,2.73,-0.43999999999999984,-0.6699999999999999,-1.4399999999999997,0.21,-1.4793239571229577,9.41064232094222,5.012072905938769,10.626689618207008,8.526070514805628,4.696682351747672,10.81973019935658,5.450462182045923,6.7076409493618705,3.4178631676185844
2019-02-28,-0.13000000000000012,3.36,1.67,-2.5799999999999996,0.010000000000000009,-1.38,0.19,5.693844697629125,1.3060245573365492,1.7637308090808101,2.2786386290268634,2.2112994138203224,1.0750292351798585,6.173074326414696,3.1367982309701947,6.681797156332259,4.026671690501082
2019-03-31,1.6500000000000001,1.1400000000000001,-3.47,-4.17,0.8099999999999999,-0.8500000000000001,0.18899999999999997,7.926785824499039,3.5900637730496676,3.7517159617823204,2.1057795729750417,-2.5927182651761083,0.4807714776664973,-1.156155451417007,1.2451278178137848,4.6584583816011715,2.75319918368373
2019-04-30,-2.1400000000000006,3.8899999999999997,-1.06,2.08,1.6099999999999997,-2.18,0.21,7.880521897338877,5.319317826250902,2.8116187034954,-0.015133119919497062,8.603853088291924,-2.751395637388221,3.894917723316116,3.4532081577216545,6.170520978770444,0.9240202823134869
2019-05-31,9.25,-7.08,-1.67,-2.5900000000000003,-0.63,1.9100000000000001,0.19799999999999998,0.5429662201487773,-7.908539259076619,-3.7067279189360036,-11.768869651346003,-7.443744244443762,-2.2432346140772275,-7.947651021259716,-8.535143280491164,-9.063341132385538,-0.7865717112154336
2019-06-30,-2.0599999999999996,6.76,0.3899999999999997,-0.6900000000000001,0.8099999999999998,-0.51,0.18,0.4936056546807066,7.525506264829218,5.0878827997853815,8.979649038606397,6.441685837250999,6.385738475069402,7.622408621748189,10.94259861591289,8.561170915673788,3.136573781399754
2019-07-31,2.98,1.25,-1.72,0.5099999999999999,-0.13,0.28,0.19799999999999998,5.071477642832356,1.2671004007842157,2.3150175496835956,-1.5980153346992765,2.3277706451849234,-1.6324322000751401,0.515323941827095,-0.27388844740952045,3.4383969628727584,-0.13424576883176442
2019-08-31,7.13,-2.3600000000000008,-3.34,-4.970000000000001,0.53,-0.99,0.154,2.0115741147241906,-0.9488035465007982,2.1473881446785192,-8.692433846670333,-4.822392551120336,-0.5942570542790904,-2.682813189597155,-2.869029187963079,-1.5471389266171087,4.962959502019348
2019-09-30,-7.15,1.43,0.2899999999999997,6.68,1.88,3.06,0.18,1.828703740658355,1.2634161072367256,1.7360967972817942,3.858897745838652,4.4420252037844055,-0.10561348881781285,2.9669287441714154,3.1302693476984,1.560623956962992,4.163733607353004
2019-10-31,0.5300000000000002,2.12,0.27999999999999997,-1.8399999999999999,0.45999999999999996,-1.01,0.161,6.493574024297999,0.12419728686632325,-0.42420285806179514,-2.116856144491708,2.4692449322071486,4.99885881937745,1.127222900409297,-0.017171721685826924,3.8250770957112934,-0.7597528130727227
2019-11-30,-3.3999999999999995,3.8200000000000003,0.44000000000000006,-1.91,-1.52,-1.3699999999999999,0.12,5.622933452125167,1.3152893487982098,1.3641120754399605,1.5918116215490663,4.928785054386164,4.8815140808349256,4.398074075397762,3.1297208003166155,5.227260740825201,-1.8853642432826057
2019-12-31,-1.49,2.75,0.9499999999999998,1.7400000000000002,0.019999999999999976,1.24,0.147,5.904080124731426,2.725665268943178,2.3840819727719786,5.8516403963871255,2.57579372847041,3.4162810278260736,-0.2013213648011991,2.8222291320235016,4.2299126815813715,3.2375588817091128
2020-01-31,7.17,-0.060000000000000275,-4.45,-6.43,-1.2200000000000002,-2.2800000000000002,0.126,5.904080124731426,-0.07975074070083465,0.31706021580566457,-11.645178788960298,-2.700197103412183,-2.7066433271706103,-0.4428541406071851,-6.369214841030191,3.914922270115717,6.529257289286061
2020-02-29,1.3099999999999996,-8.24,0.07999999999999999,-4.13,-1.5299999999999998,-2.8099999999999996,0.114,5.341786779518909,-7.8746927855101845,-8.571712361747341,-16.591469572652564,-11.93279556034561,-6.8135680749961125,-10.425140770875618,-8.904855452641902,-7.581190760597689,-10.378312775308407
2020-03-31,9.21,-10.680000000000001,-9.23,-15.27,-2.79,0.5900000000000001,0.132,6.185226797337684,-16.149990506208045,-5.690999307711531,-42.11518365714721,-23.617726777503112,-3.9649489720186892,-20.61139349234722,-15.07844148816404,-8.968333850404608,-10.531165149334765
2020-04-30,-12.26,13.45,2.8600000000000003,-0.43999999999999995,2.5100000000000002,-0.7700000000000001,0.0,-16.529730904331164,17.296583149575007,6.726583273998843,26.822333054689018,9.040778361760804,11.856022483108575,8.445225873497098,14.138237068829618,12.871400203955385,3.284203918313411
2020-05-31,-1.5700000000000012,5.68,2.28,-3.75,1.2,-2.4800000000000004,0.0,-2.1719855095945206,6.306336821131797,1.6512334404616968,1.9802505890552435,2.684144914942399,3.235965688552156,5.248403770556731,6.654843146869638,6.93061901589882,4.156220316612069
2020-06-30,-2.570000000000001,2.8600000000000003,2.3099999999999996,-1.3699999999999988,0.31999999999999973,0.13000000000000017,0.0,9.917887839653794,3.027600306359357,-0.22487901456860193,-1.101582268863588,-0.5241672295498656,-2.472879454049348,1.9535733486984341,2.1579842928157067,6.7182263286531985,-4.784925943487384
2020-07-31,6.130000000000001,5.69,-2.91,-1.2000000000000002,0.47,1.06,0.022,11.985780851202321,7.021885121322935,6.694445559540352,-4.927903486579366,3.7740304852044826,5.312529939079802,4.3160255612860965,6.8744423146797295,5.529061176642713,7.508219348896672
2020-08-31,0.16999999999999993,7.41,-0.7999999999999998,-2.58,4.1,-1.18,0.0,11.440972630693125,9.1253983280275,4.490949055656923,-1.0602489787634894,4.196977410485303,2.554026560381839,8.136078898640076,4.264941005872558,11.226408550351863,-2.6317555652493496
2020-09-30,3.9199999999999995,-3.420000000000001,0.020000000000000018,-2.88,-1.3,-1.9999999999999998,0.0,4.7312162692078275,-1.880971662396913,-1.6889735810531548,-15.790211488179917,-3.482161586433108,-2.204572580682207,-0.68452781475834,1.4963795975039496,-5.482690244048438,1.0755359103967965
2020-10-31,-3.54,-1.9399999999999997,4.52,4.36,-0.64,-0.8500000000000001,0.0,2.52056928763853,-2.766142500852009,-2.91252528368231,-4.19354554245257,-0.8762847852653799,-3.688732731151756,-1.4524069566577147,-0.7254269191141027,-5.133833439194557,4.928711722751844
2020-11-30,-10.98,11.94,6.289999999999999,2.460000000000001,-1.8100000000000003,1.1099999999999999,0.0,2.2914266251259363,9.526545675510434,7.202928852423174,24.681637545662703,15.5706148110494,7.647998388467947,14.865613486845941,11.655097811034576,10.781099732852173,0.7347258751712715
2020-12-31,-1.77,4.5,4.5,-1.3199999999999998,-1.79,-0.22999999999999998,0.0,9.340232044526076,2.3988627761009518,1.6375631669697022,4.382691655921445,6.115198224606733,3.727477406915103,1.001802411104613,2.451329968428162,5.393525391628806,0.6185171325157945
2021-01-31,1.6599999999999997,0.0600000000000005,6.91,2.95,-3.74,4.99,0.0,8.066564038454338,0.762097419407759,-5.109831894921424,3.6781956182905695,-1.8141907452545958,1.3918830087437328,-4.362554506271454,-2.4471525933584815,-0.8418630711079622,-0.881056620251286
2021-02-28,-6.0200000000000005,2.8,4.5,6.6899999999999995,0.06999999999999984,-1.94,0.0,7.6924497921038615,-0.5322607639071997,-1.2403120447944005,20.25882491713693,10.98067572561039,-2.126238340175224,6.662263393878209,4.036879457956655,1.355868968339724,-6.292031293305067
2021-03-31,-8.58,3.18,-0.38000000000000045,6.959999999999999,6.08,3.4699999999999998,0.0,11.550224560024258,4.363247534244596,8.156347125565233,2.9277053095308148,5.687548641948048,3.948343153499412,8.605720204589762,7.316161193867821,1.820018480678609,10.031642718222189
2021-04-30,0.9300000000000002,4.8500000000000005,-2.9700000000000006,-0.9200000000000002,2.36,-2.5500000000000003,0.0,14.551408516796194,6.255805940385972,1.8421093192728222,0.6703899569084903,6.288505300659297,3.8564835283150245,3.4737601417358377,5.240936771625915,5.057742224051154,4.0997041591205985
2021-05-31,0.7400000000000003,0.36999999999999966,1.3100000000000005,7.0,2.34,2.93,0.0,13.85848430171066,-3.457235260084879,1.7522979038292696,5.5525950184292405,4.660805905777021,1.8536496475165087,3.081609749412273,4.956983792156056,-0.9349171486060293,-2.3659040387949304
2021-06-30,-0.18000000000000016,2.75,-0.2900000000000001,-7.57,-1.9300000000000002,-0.9299999999999999,0.0,18.05335886313948,3.3984470019338353,-0.5458796570688484,4.146755017592785,-3.08656460136425,2.272919511118321,-2.305838126042037,-5.406800815285173,6.659562276395992,-2.233043009825586
2021-07-31,-2.6800000000000006,1.2899999999999996,-4.53,-1.66,5.51,-0.49,0.0,10.293796801853183,1.0474390993378435,2.1770505541226726,-8.682576002354825,-0.46440396254880945,4.805265613961929,0.9331259179245599,2.056247506941311,3.8136807478084123,4.242124860403429
2021-08-31,1.57,2.91,-0.53,0.009999999999999606,-0.21000000000000035,-1.63,0.0,10.78397760194143,1.7688796363366066,1.0433241056695408,-2.0247946566033903,5.019728879634577,2.2891394516053154,1.106492951647109,1.8747207611170325,3.4974332265671038,3.8217310143393135
2021-09-30,1.4700000000000004,-4.390000000000001,1.17,5.22,-1.99,2.16,0.0,8.435720977700178,-2.1640328420552635,-4.227266895279147,8.55489694947451,-1.859670280777559,-5.676516903328999,-6.272494268046014,-7.460064779595044,-6.017418137117847,-6.286765936631866
2021-10-31,4.32,6.53,-2.5199999999999996,-0.4499999999999996,1.6500000000000001,-1.21,0.0,19.438611976495324,11.41541329348188,3.4410025732575455,9.829012376270718,7.021775317390411,4.994921547012954,6.575788254435189,7.32226058431964,7.859914283992797,4.6342120410133525
2021-11-30,2.83,-1.4799999999999998,-1.7100000000000006,-0.30999999999999994,7.5600000000000005,1.6400000000000001,0.0,17.88989500352658,1.622380495382103,-1.3565178767147579,-5.141243610063695,-5.882536772372271,-3.1040352423993056,-3.625073309022664,-0.5536796293683643,4.354980230994876,-1.718475933747765
2021-12-31,-3.66,3.19,-0.64,3.0100000000000007,4.4799999999999995,4.0,0.0,15.796153328892437,0.14963840439508047,9.94351960801394,2.939762714448424,3.3089269609408056,8.63596803570914,5.256978330850615,7.309449701930504,3.19573167745153,9.248140518870152
2022-01-31,-1.1500000000000001,-6.27,-4.2299999999999995,13.14,0.6999999999999997,8.04,0.0,14.360139389902216,-10.018897556795725,-1.4894357750349307,17.205871602384804,0.02562127099525746,-7.102810342852983,-4.9101998996526675,-7.040514709964096,-7.089681555256089,-3.3092395912677652
2022-02-28,1.3999999999999997,-2.0999999999999996,2.93,2.8900000000000006,-2.24,2.99,0.0,14.37763177715814,-4.150947971184404,-1.4184647325659938,6.830492603542737,-1.392133035545573,-0.9724498085017075,-0.8473428053099141,-1.2750965823333793,-5.000405189890955,-1.9245387693136884
2022-03-31,3.5300000000000007,3.3,-2.03,-2.0300000000000002,-1.5599999999999996,2.89,0.0,24.26712112146454,4.3314859320434,1.7656440608541324,8.927937920149365,-0.13006392419385726,5.579567521164375,3.378646693438725,5.938993335244103,3.290270181756405,9.844370413944326
2022-04-30,7.25,-9.71,-0.44000000000000017,6.58,3.74,6.24,0.02,8.40510887123358,-12.734203547066958,2.2798019336407904,-1.702007905134284,-10.472284438201696,-5.014506843484323,-7.918530093582454,-3.603570001691292,-11.672950654289682,-4.392677996244476
2022-05-31,-0.6300000000000003,0.10000000000000009,-0.050000000000000155,8.07,1.33,3.5999999999999996,0.021,8.825364314795259,-5.256091925386475,-4.168655244257025,14.871830852448298,2.7438238809480264,1.4780001377672214,-0.4635375418909682,1.1691844800632012,-0.6882685817982015,4.217946490877811
2022-06-30,1.8600000000000008,-8.42,1.48,-6.8,1.8399999999999999,-5.079999999999999,0.063,26.051787578396635,-11.466478104413369,-2.3752160166357505,-18.72152514291434,-11.497179395437795,-2.6426668331478886,-7.65245753171655,-14.91531753540194,-9.71246590795305,-5.019335919767709
2022-07-31,-5.08,9.3,1.8300000000000005,-3.8000000000000007,0.41000000000000014,-5.97,0.08,-0.12881945449372267,16.92283454531376,3.150187563962703,9.224167345502021,6.939540447279224,3.192413512708825,9.078249574624131,5.972884178344184,12.620829764916586,5.303849209294764
2022-08-31,0.3199999999999996,-3.670000000000001,1.6899999999999997,0.11999999999999988,-4.78,1.5499999999999998,0.184,1.808243596035286,-4.599668948740909,-1.869984201684538,2.6178350344361334,-1.97728660870915,-5.943587717783938,-2.8744817112385412,-3.5434033345792315,-6.414099499571169,0.5260061775410385
2022-09-30,4.7700000000000005,-9.55,-0.9900000000000001,-0.1200000000000001,-1.4700000000000004,-0.9999999999999998,0.18899999999999997,8.037200242478093,-8.562742722288608,-8.482653929979111,-10.046949552602946,-7.964901598405083,-2.571439732123526,-11.015993521715295,-9.764509659785947,-12.745984227688023,-11.969617795235976
2022-10-31,2.0,7.829999999999999,1.7,7.17,2.4299999999999997,5.87,0.23099999999999998,8.037200242478093,1.1030574052790065,8.623695615459237,22.286592500800584,11.264616176059183,9.176850389076474,13.010028281430852,8.54905233133545,7.37410839742445,1.9200769889883063
2022-11-30,-2.4099999999999993,4.83,-2.5999999999999996,1.0600000000000005,5.52,2.33,0.294,5.527143511637078,1.4748664692947777,5.937825203022129,1.2696866374219518,6.632106527061232,4.614998009483351,7.521268565003236,11.067859029958882,6.134656611868561,6.731446772381311
2022-12-31,4.970000000000001,-6.47,-0.13,1.2999999999999996,0.18999999999999995,4.01,0.336,1.1528805565227174,-12.09813494752403,-2.7654432332671064,-3.0963926024580424,-5.361649319884432,-1.8955535140794844,-3.0354286385490425,-5.6768919809339735,-8.566973936213884,-0.4956483200152739
2023-01-31,-14.069999999999999,6.550000000000001,4.09,-3.7199999999999998,-2.59,-4.04,0.34,1.097981482402588,14.087883076603003,-1.0924656821373446,2.7735698957584987,6.6729116352326034,-1.8499253254312897,3.639303568633867,8.592745745208674,8.8537110298601,-2.0202581210807757
2023-02-28,-1.0599999999999998,-2.5200000000000005,0.5999999999999999,-0.9899999999999998,0.6099999999999999,-1.48,0.34199999999999997,7.279714487227373,-2.147976775798899,-2.346266298714994,-7.191217608077238,-2.324424899930211,-4.752730967968688,-0.8677782788277355,-3.388139239029009,0.41102852840424475,-6.102287499607151
2023-03-31,-0.5399999999999997,2.5700000000000003,-6.83,-8.8,1.9500000000000002,-2.14,0.368,1.7919513946571541,3.015975363570078,4.1327022289670445,0.005325627764474206,-10.034721255832801,2.1740090771046106,0.6172286833176166,-1.0060964718201504,10.307988604903073,4.789484276872891
2023-04-30,2.9400000000000004,0.6600000000000001,-2.58,-0.08000000000000013,2.25,2.86,0.34199999999999997,1.4803076738472143,-1.1297979277248515,3.588953949102347,2.7389228632174856,3.1233341929662206,3.0954158170493073,-1.173095539907365,-0.1364834597385567,-0.11923666430426749,1.8878280640219458
2023-05-31,0.20999999999999988,0.42000000000000004,-0.34,-7.77,-2.29,-6.890000000000001,0.352,2.416239109498086,2.504542485012351,-6.3574836171424565,-10.571300014759633,-4.343816111925225,-4.362489396803415,-3.2006925102624706,-7.112340897106595,8.541885304730368,-6.0506921949724735
2023-06-30,-1.8599999999999997,6.3,1.34,-0.019999999999999796,2.1199999999999997,-1.5799999999999998,0.39899999999999997,4.411824438508116,11.537829303648195,2.750037465931765,6.684857093122876,6.4063749669015735,4.172357476108335,10.66425798840367,10.441117730138316,5.877055772436091,1.58351808309396
2023-07-31,-2.75,3.2,2.75,3.96,-0.6100000000000001,0.6299999999999999,0.43999999999999995,4.20173756048392,2.287972765763957,2.1078768799531744,7.486456618390047,4.69380398419128,1.0641500313484542,2.847618322205836,3.381305306966542,2.5497422039416406,2.4602923760139284
2023-08-31,2.7899999999999996,-2.33,-3.7800000000000002,-1.1300000000000001,3.52,-2.66,0.46,11.740732582631885,-1.7593629330133531,-4.027197266351923,1.6326847663608923,-2.7257598873183575,-0.7031611833938634,-2.003269574310984,-3.357181879052895,-1.519761183738133,-6.323712763775813
2023-09-30,1.3499999999999996,-5.3,-1.84,1.52,2.0,-0.78,0.42000000000000004,7.178784348718992,-5.690911801175602,-4.906335358535685,2.374888060368008,-3.1368961642710413,-3.0038415379066485,-6.131734438419478,-4.896991922097005,-6.6977049697817925,-5.807854958016723
2023-10-31,1.6600000000000001,-3.1700000000000004,-4.18,0.23999999999999994,2.48,-0.74,0.462,7.896662783590891,-5.674178206220404,-1.3902153509415704,-5.92496929274251,-2.4722735772270354,-3.3168027216711415,-3.024160640531992,-3.221294480402026,0.04878735308109228,1.2814127684937837
2023-11-30,1.7700000000000007,8.48,0.13,1.6099999999999997,-3.4600000000000004,-0.9999999999999999,0.441,3.3637943688646033,10.40577611894129,4.043299541400547,-0.7186201020415339,10.381431037120992,5.293398135579874,8.466187564086525,8.018434030358268,12.12929482550038,5.015341219993541
2023-12-31,-4.2299999999999995,4.8,6.87,4.6,-2.84,1.27,0.42000000000000004,4.656549319179248,5.951491343325888,2.6755202649895615,0.07716323605677644,5.1205209669316964,4.235152100078565,6.8271027223269165,4.424051028358722,4.097564766626771,1.8417560839540492
2024-01-31,5.59,0.77,-5.64,-2.51,0.61,-1.1,0.46199999999999997,4.889376785138211,-4.512813957854789,1.2280222719232015,-0.5141971887755226,3.038461389624736,2.8907864016348483,-0.9696877416128125,-3.970713809651283,2.6657264788845225,-3.0135298698194646
2024-02-29,4.460000000000001,5.0,-0.54,-3.3600000000000003,-1.92,-2.09,0.42000000000000004,8.821757418736809,7.596594334954787,2.0764871696183462,3.2205575783507356,3.99548139525443,3.113865330728771,6.937671325324324,6.3047287441414746,4.59726653831849,1.0522071452023773
2024-03-31,-0.34000000000000014,2.81,-1.0899999999999996,4.05,1.42,1.0999999999999999,0.42000000000000004,7.547130332238083,-0.06479144346540622,3.2666346181739137,9.97220609748739,4.693714130556925,2.3499053406937698,4.3259509475310765,6.267745470904718,0.7863212305805334,6.38195569714517
2024-04-30,-0.30999999999999983,-4.699999999999999,-2.6300000000000003,-0.48,1.5,-0.41999999999999993,0.462,6.873279797359011,-4.601521173088141,-1.1326354800519134,-0.947177440935576,-4.2683475953059435,-5.1389435900042635,-3.588551508455229,-4.69455933008458,-5.934403782699604,1.6466890211242813
2024-05-31,1.3599999999999999,4.279999999999999,0.7599999999999999,-1.5700000000000003,2.85,-3.02,0.44,0.12643032288064404,0.19910230139768004,2.4078627806653152,-0.3427587785762576,3.122212053396156,2.373101776860853,1.6243324340514675,3.2196419089006945,6.8377836859712104,8.581198184273653
2024-06-30,1.8699999999999999,2.76,-4.26,-3.27,0.4100000000000001,-1.7899999999999996,0.418,0.10918982430601076,3.8037443333394094,-0.23537954108912018,-1.4242664621193946,-0.8858192131373954,1.8075606779259346,-0.9937800670156705,-3.1061053460274657,7.5435752789544175,-5.702156862693375
2024-07-31,-3.06,1.32,8.01,5.36,0.039999999999999925,0.4899999999999999,0.462,3.405774536154915,0.6588584486578952,1.1471845945788317,3.3572273398099206,7.599121538536302,3.080778495458958,3.982231346334242,2.88076160470494,-10.031968098132449,5.83176547749531
